|ID||POKEMON|CP|LVL|STATE|SHINY|LUCKY|%|ATK|DEF|STA|MOVE1|MOVE2|MOVE3|MEGA_EVOLVED|RELEASED_POKEMON|REGIONAL|COSTUME|LEGENDARY|MYTHICAL|PURIFIED|BABY
0|||||||||||||||-|-|||||||
0|||Kanto (Gen 1)|||HEADER|||||||||-|-|||||||
1|BULBASAUR|2|Bulbasaur|951|32||||||||||-|-|RELEASED_POKEMON||||||
2|IVYSAUR|3|Ivysaur|1,391|29||||||||||-|-|RELEASED_POKEMON||||||
3|VENUSAUR|4|Venusaur|2,407|33||||||||||-|-|RELEASED_POKEMON||||||
4|CHARMANDER|5|Charmander|869|35||||||||||-|-|RELEASED_POKEMON||||||
5|CHARMELEON|6|Charmeleon|935|20||||||||||-|-|RELEASED_POKEMON||||||
6|CHARIZARD|7|Charizard|1,691|21||||||||||-|-|RELEASED_POKEMON||||||
7|SQUIRTLE|8|Squirtle|697|27||||||||||-|-|RELEASED_POKEMON||||||
8|WARTORTLE|9|Wartortle||||||||||||-|-|RELEASED_POKEMON||||||
9|BLASTOISE|10|Blastoise|1,915|28||||||||||-|-|RELEASED_POKEMON||||||
10|CATERPIE|11|Caterpie|353|31||||||||||-|-|RELEASED_POKEMON||||||
11|METAPOD|12|Metapod||||||||||||-|-|RELEASED_POKEMON||||||
12|BUTTERFREE|13|Butterfree||||||||||||-|-|RELEASED_POKEMON||||||
13|WEEDLE|14|Weedle|392|34||||||||||-|-|RELEASED_POKEMON||||||
14|KAKUNA|15|Kakuna|230|20||||||||||-|-|RELEASED_POKEMON||||||
15|BEEDRILL|16|Beedrill|1,615|33||||||||||-|-|RELEASED_POKEMON||||||
16|PIDGEY|17|Pidgey|582|33||||||||||-|-|RELEASED_POKEMON||||||
17|PIDGEOTTO|18|Pidgeotto|1,003|31||||||||||-|-|RELEASED_POKEMON||||||
18|PIDGEOT|19|Pidgeot|1,450|24||||||||||-|-|RELEASED_POKEMON||||||
19|RATTATA|20|Rattata|632|33||||||||||-|-|RELEASED_POKEMON||||||
20|RATICATE|21|Raticate|1,598|37||||||||||-|-|RELEASED_POKEMON||||||
21|SPEAROW|22|Spearow|533|24||||||||||-|-|RELEASED_POKEMON||||||
22|FEAROW|23|Fearow|1,680|30||||||||||-|-|RELEASED_POKEMON||||||
23|EKANS|24|Ekans|758|30||||||||||-|-|RELEASED_POKEMON||||||
24|ARBOK|25|Arbok|1,686|33||||||||||-|-|RELEASED_POKEMON||||||
25|PIKACHU|26|Pikachu|648|25||||||||||-|-|RELEASED_POKEMON||||||
26|RAICHU|27|Raichu||||||||||||-|-|RELEASED_POKEMON||||||
27|SANDSHREW|28|Sandshrew|1,012|29||||||||||-|-|RELEASED_POKEMON||||||
28|SANDSLASH|29|Sandslash||||||||||||-|-|RELEASED_POKEMON||||||
29|NIDORAN_FEMALE|30|Nidoran♀|675|31||||||||||-|-|RELEASED_POKEMON||||||
30|NIDORINA|31|Nidorina||||||||||||-|-|RELEASED_POKEMON||||||
31|NIDOQUEEN|32|Nidoqueen|2,238|34||||||||||-|-|RELEASED_POKEMON||||||
32|NIDORAN_MALE|33|Nidoran♂|725|32||||||||||-|-|RELEASED_POKEMON||||||
33|NIDORINO|34|Nidorino|1,007|26||||||||||-|-|RELEASED_POKEMON||||||
34|NIDOKING|35|Nidoking|1,871|26||||||||||-|-|RELEASED_POKEMON||||||
35|CLEFAIRY|36|Clefairy|1,015|34||||||||||-|-|RELEASED_POKEMON||||||
36|CLEFABLE|37|Clefable|1,839|27||||||||||-|-|RELEASED_POKEMON||||||
37|VULPIX|38|Vulpix|738|31||||||||||-|-|RELEASED_POKEMON||||||
38|NINETALES|39|Ninetales|1,822|28||||||||||-|-|RELEASED_POKEMON||||||
39|JIGGLYPUFF|40|Jigglypuff|642|36||||||||||-|-|RELEASED_POKEMON||||||
40|WIGGLYTUFF|41|Wigglytuff|1,734|35||||||||||-|-|RELEASED_POKEMON||||||
41|ZUBAT|42|Zubat|586|35||||||||||-|-|RELEASED_POKEMON||||||
42|GOLBAT|43|Golbat||||||||||||-|-|RELEASED_POKEMON||||||
43|ODDISH|44|Oddish|1,107|35||||||||||-|-|RELEASED_POKEMON||||||
44|GLOOM|45|Gloom|1,478|33||||||||||-|-|RELEASED_POKEMON||||||
45|VILEPLUME|46|Vileplume|1,371|19||||||||||-|-|RELEASED_POKEMON||||||
46|PARAS|47|Paras|819|29||||||||||-|-|RELEASED_POKEMON||||||
47|PARASECT|48|Parasect|1,663|34||||||||||-|-|RELEASED_POKEMON||||||
48|VENONAT|49|Venonat|839|31||||||||||-|-|RELEASED_POKEMON||||||
49|VENOMOTH|50|Venomoth|1,680|29||||||||||-|-|RELEASED_POKEMON||||||
50|DIGLETT|51|Diglett|525|28||||||||||-|-|RELEASED_POKEMON||||||
51|DUGTRIO|52|Dugtrio|672|15||||||||||-|-|RELEASED_POKEMON||||||
52|MEOWTH|53|Meowth|658|35||||||||||-|-|RELEASED_POKEMON||||||
53|PERSIAN|54|Persian|1,487|33||||||||||-|-|RELEASED_POKEMON||||||
54|PSYDUCK|55|Psyduck|969|34||||||||||-|-|RELEASED_POKEMON||||||
55|GOLDUCK|56|Golduck||||||||||||-|-|RELEASED_POKEMON||||||
56|MANKEY|57|Mankey|995|32||||||||||-|-|RELEASED_POKEMON||||||
57|PRIMEAPE|58|Primeape|1,835|28||||||||||-|-|RELEASED_POKEMON||||||
58|GROWLITHE|59|Growlithe|1,020|30||||||||||-|-|RELEASED_POKEMON||||||
59|ARCANINE|60|Arcanine||||||||||||-|-|RELEASED_POKEMON||||||
60|POLIWAG|61|Poliwag|654|29||||||||||-|-|RELEASED_POKEMON||||||
61|POLIWHIRL|62|Poliwhirl||||||||||||-|-|RELEASED_POKEMON||||||
62|POLIWRATH|63|Poliwrath||||||||||||-|-|RELEASED_POKEMON||||||
63|ABRA|64|Abra|1,101|30||||||||||-|-|RELEASED_POKEMON||||||
64|KADABRA|65|Kadabra|1,163|20||||||||||-|-|RELEASED_POKEMON||||||
65|ALAKAZAM|66|Alakazam|2,212|26||||||||||-|-|RELEASED_POKEMON||||||
66|MACHOP|67|Machop|1,116|33||||||||||-|-|RELEASED_POKEMON||||||
67|MACHOKE|68|Machoke|694|12||||||||||-|-|RELEASED_POKEMON||||||
68|MACHAMP|69|Machamp|2,715|33||||||||||-|-|RELEASED_POKEMON||||||
69|BELLSPROUT|70|Bellsprout|909|34||||||||||-|-|RELEASED_POKEMON||||||
70|WEEPINBELL|71|Weepinbell|687|15||||||||||-|-|RELEASED_POKEMON||||||
71|VICTREEBEL|72|Victreebel|1,023|15||||||||||-|-|RELEASED_POKEMON||||||
72|TENTACOOL|73|Tentacool|891|32||||||||||-|-|RELEASED_POKEMON||||||
73|TENTACRUEL|74|Tentacruel|2,159|34||||||||||-|-|RELEASED_POKEMON||||||
74|GEODUDE|75|Geodude|1,085|31||||||||||-|-|RELEASED_POKEMON||||||
75|GRAVELER|76|Graveler|1,302|24||||||||||-|-|RELEASED_POKEMON||||||
76|GOLEM|77|Golem|1,651|20||||||||||-|-|RELEASED_POKEMON||||||
77|PONYTA|78|Ponyta|1,388|29||||||||||-|-|RELEASED_POKEMON||||||
78|RAPIDASH|79|Rapidash||||||||||||-|-|RELEASED_POKEMON||||||
79|SLOWPOKE|80|Slowpoke|1,065|33||||||||||-|-|RELEASED_POKEMON||||||
80|SLOWBRO|81|Slowbro||||||||||||-|-|RELEASED_POKEMON||||||
81|MAGNEMITE|82|Magnemite|1,040|27||||||||||-|-|RELEASED_POKEMON||||||
82|MAGNETON|83|Magneton|2,089|30||||||||||-|-|RELEASED_POKEMON||||||
83|FARFETCHD|84|Farfetch'D|686|20||||||||||-|-|RELEASED_POKEMON|JAPAN|||||
84|DODUO|85|Doduo|928|28||||||||||-|-|RELEASED_POKEMON||||||
85|DODRIO|86|Dodrio|983|15||||||||||-|-|RELEASED_POKEMON||||||
86|SEEL|87|Seel|830|32||||||||||-|-|RELEASED_POKEMON||||||
87|DEWGONG|88|Dewgong|840|15||||||||||-|-|RELEASED_POKEMON||||||
88|GRIMER|89|Grimer|1,037|27||||||||||-|-|RELEASED_POKEMON||||||
89|MUK|90|Muk|1,983|25||||||||||-|-|RELEASED_POKEMON||||||
90|SHELLDER|91|Shellder|905|31||||||||||-|-|RELEASED_POKEMON||||||
91|CLOYSTER|92|Cloyster|2,147|30||||||||||-|-|RELEASED_POKEMON||||||
92|GASTLY|93|Gastly|1,051|32||||||||||-|-|RELEASED_POKEMON||||||
93|HAUNTER|94|Haunter|1,717|33||||||||||-|-|RELEASED_POKEMON||||||
94|GENGAR|95|Gengar||||||||||||-|-|RELEASED_POKEMON||||||
95|ONIX|96|Onix|954|33||||||||||-|-|RELEASED_POKEMON||||||
96|DROWZEE|97|Drowzee|702|24||||||||||-|-|RELEASED_POKEMON||||||
97|HYPNO|98|Hypno|1,587|27||||||||||-|-|RELEASED_POKEMON||||||
98|KRABBY|99|Krabby|1,227|28||||||||||-|-|RELEASED_POKEMON||||||
99|KINGLER|100|Kingler|2,385|30||||||||||-|-|RELEASED_POKEMON||||||
100|VOLTORB|101|Voltorb|741|26||||||||||-|-|RELEASED_POKEMON||||||
101|ELECTRODE|102|Electrode|889|15||||||||||-|-|RELEASED_POKEMON||||||
102|EXEGGCUTE|103|Exeggcute|993|31||||||||||-|-|RELEASED_POKEMON||||||
103|EXEGGUTOR|104|Exeggutor|2,368|28||||||||||-|-|RELEASED_POKEMON||||||
104|CUBONE|105|Cubone|434|15||||||||||-|-|RELEASED_POKEMON||||||
105|MAROWAK|106|Marowak||||||||||||-|-|RELEASED_POKEMON||||||
106|HITMONLEE|107|Hitmonlee||||||||||||-|-|RELEASED_POKEMON||||||
107|HITMONCHAN|108|Hitmonchan|233|3||||||||||-|-|RELEASED_POKEMON||||||
108|LICKITUNG|109|Lickitung|936|24||||||||||-|-|RELEASED_POKEMON||||||
109|KOFFING|110|Koffing|984|29||||||||||-|-|RELEASED_POKEMON||||||
110|WEEZING|111|Weezing|2,083|35||||||||||-|-|RELEASED_POKEMON||||||
111|RHYHORN|112|Rhyhorn|1,434|33||||||||||-|-|RELEASED_POKEMON||||||
112|RHYDON|113|Rhydon||||||||||||-|-|RELEASED_POKEMON||||||
113|CHANSEY|114|Chansey|801|23||||||||||-|-|RELEASED_POKEMON||||||
114|TANGELA|115|Tangela|1,785|28||||||||||-|-|RELEASED_POKEMON||||||
115|KANGASKHAN|116|Kangaskhan|||TRADED|||||||||-|-|RELEASED_POKEMON|AUSTRALASIA|||||
116|HORSEA|117|Horsea|784|27||||||||||-|-|RELEASED_POKEMON||||||
117|SEADRA|118|Seadra|1,582|27||||||||||-|-|RELEASED_POKEMON||||||
118|GOLDEEN|119|Goldeen|800|25||||||||||-|-|RELEASED_POKEMON||||||
119|SEAKING|120|Seaking||||||||||||-|-|RELEASED_POKEMON||||||
120|STARYU|121|Staryu|384|12||||||||||-|-|RELEASED_POKEMON||||||
121|STARMIE|122|Starmie|1,102|15||||||||||-|-|RELEASED_POKEMON||||||
122|MR_MIME|123|Mr. Mime|1,954|33||||||||||-|-|RELEASED_POKEMON|EUROPE|||||
123|SCYTHER|124|Scyther|1,268|16||||||||||-|-|RELEASED_POKEMON||||||
124|JYNX|125|Jynx|2,031|28||||||||||-|-|RELEASED_POKEMON||||||
125|ELECTABUZZ|126|Electabuzz|2,018|32||||||||||-|-|RELEASED_POKEMON||||||
126|MAGMAR|127|Magmar|1,987|29||||||||||-|-|RELEASED_POKEMON||||||
127|PINSIR|128|Pinsir|2,651|34||||||||||-|-|RELEASED_POKEMON||||||
128|TAUROS|129|Tauros|2,214|30||||||||||-|-|RELEASED_POKEMON|NORTH_AMERICA|||||
129|MAGIKARP|130|Magikarp|216|31||||||||||-|-|RELEASED_POKEMON||||||
130|GYARADOS|131|Gyarados|2,707|28||||||||||-|-|RELEASED_POKEMON||||||
131|LAPRAS|132|Lapras|1,912|26||||||||||-|-|RELEASED_POKEMON||||||
132|DITTO|133|Ditto|659|29||||||||||-|-|RELEASED_POKEMON||||||
133|EEVEE|134|Eevee|976|36||||||||||-|-|RELEASED_POKEMON||||||
134|VAPOREON|135|Vaporeon|2,401|27||||||||||-|-|RELEASED_POKEMON||||||
135|JOLTEON|136|Jolteon|1,489|18||||||||||-|-|RELEASED_POKEMON||||||
136|FLAREON|137|Flareon|2,403|28||||||||||-|-|RELEASED_POKEMON||||||
137|PORYGON|138|Porygon|1,202|25||||||||||-|-|RELEASED_POKEMON||||||
138|OMANYTE|139|Omanyte|1,283|30||||||||||-|-|RELEASED_POKEMON||||||
139|OMASTAR|140|Omastar|2,465|33||||||||||-|-|RELEASED_POKEMON||||||
140|KABUTO|141|Kabuto|1,080|28||||||||||-|-|RELEASED_POKEMON||||||
141|KABUTOPS|142|Kabutops|2,116|28||||||||||-|-|RELEASED_POKEMON||||||
142|AERODACTYL|143|Aerodactyl|1,167|15||||||||||-|-|RELEASED_POKEMON||||||
143|SNORLAX|144|Snorlax|2,583|28||||||||||-|-|RELEASED_POKEMON||||||
144|ARTICUNO|145|Articuno|1,285|15||||||||||-|-|RELEASED_POKEMON|||LEGENDARY|||
145|ZAPDOS|146|Zapdos|1,476|15||||||||||-|-|RELEASED_POKEMON|||LEGENDARY|||
146|MOLTRES|147|Moltres||||||||||||-|-|RELEASED_POKEMON|||LEGENDARY|||
147|DRATINI|148|Dratini|722|26||||||||||-|-|RELEASED_POKEMON||||||
148|DRAGONAIR|149|Dragonair|1,160|23||||||||||-|-|RELEASED_POKEMON||||||
149|DRAGONITE|150|Dragonite||||||||||||-|-|RELEASED_POKEMON||||||
150|MEWTWO|151|Mewtwo|2,361|20||||||||||-|-|RELEASED_POKEMON|||LEGENDARY|||
151|MEWTWO_A|152|Mewtwo (Armored)|1,799|20||||||||||-|-|????|||LEGENDARY|||
152|MEW|153|Mew|1,492|16||||||||||-|-|RELEASED_POKEMON||||MYTHIC||
152|||||||||||||||-|-|||||||
152|||Johto (Gen 2)|||HEADER|||||||||-|-|||||||
153|CHIKORITA|154|Chikorita|810|33||||||||||-|-|RELEASED_POKEMON||||||
154|BAYLEEF|155|Bayleef|1,061|26||||||||||-|-|RELEASED_POKEMON||||||
155|MEGANIUM|156|Meganium|1,713|25||||||||||-|-|RELEASED_POKEMON||||||
156|CYNDAQUIL|157|Cyndaquil|832|32||||||||||-|-|RELEASED_POKEMON||||||
157|QUILAVA|158|Quilava|1,345|29||||||||||-|-|RELEASED_POKEMON||||||
158|TYPHLOSION|159|Typhlosion|2,473|31||||||||||-|-|RELEASED_POKEMON||||||
159|TOTODILE|160|Totodile|865|28||||||||||-|-|RELEASED_POKEMON||||||
160|CROCONAW|161|Croconaw||||||||||||-|-|RELEASED_POKEMON||||||
161|FERALIGATR|162|Feraligatr||||||||||||-|-|RELEASED_POKEMON||||||
162|SENTRET|163|Sentret|512|31||||||||||-|-|RELEASED_POKEMON||||||
163|FURRET|164|Furret|1,555|34||||||||||-|-|RELEASED_POKEMON||||||
164|HOOTHOOT|165|Hoothoot|583|34||||||||||-|-|RELEASED_POKEMON||||||
165|NOCTOWL|166|Noctowl||||||||||||-|-|RELEASED_POKEMON||||||
166|LEDYBA|167|Ledyba|574|29||||||||||-|-|RELEASED_POKEMON||||||
167|LEDIAN|168|Ledian||||||||||||-|-|RELEASED_POKEMON||||||
168|SPINARAK|169|Spinarak|640|28||||||||||-|-|RELEASED_POKEMON||||||
169|ARIADOS|170|Ariados|1,505|31||||||||||-|-|RELEASED_POKEMON||||||
170|CROBAT|171|Crobat||||||||||||-|-|RELEASED_POKEMON||||||
171|CHINCHOU|172|Chinchou|858|28||||||||||-|-|RELEASED_POKEMON||||||
172|LANTURN|173|Lanturn||||||||||||-|-|RELEASED_POKEMON||||||
173|PICHU|174|Pichu|257|20||||||||||-|-|RELEASED_POKEMON||||||BABY
174|CLEFFA|175|Cleffa|369|20||||||||||-|-|RELEASED_POKEMON||||||BABY
175|IGGLYBUFF|176|Igglybuff|299|21||||||||||-|-|RELEASED_POKEMON||||||BABY
176|TOGEPI|177|Togepi|361|20||||||||||-|-|RELEASED_POKEMON||||||BABY
177|TOGETIC|178|Togetic|1,418|30||||||||||-|-|RELEASED_POKEMON||||||
178|NATU|179|Natu|851|28||||||||||-|-|RELEASED_POKEMON||||||
179|XATU|180|Xatu|921|15||||||||||-|-|RELEASED_POKEMON||||||
180|MAREEP|181|Mareep|775|28||||||||||-|-|RELEASED_POKEMON||||||
181|FLAAFFY|182|Flaaffy|1,082|25||||||||||-|-|RELEASED_POKEMON||||||
182|AMPHAROS|183|Ampharos|2,230|28||||||||||-|-|RELEASED_POKEMON||||||
183|BELLOSSOM|184|Bellossom||||||||||||-|-|RELEASED_POKEMON||||||
184|MARILL|185|Marill|302|24||||||||||-|-|RELEASED_POKEMON||||||
185|AZUMARILL|186|Azumarill|1,099|25||||||||||-|-|RELEASED_POKEMON||||||
186|SUDOWOODO|187|Sudowoodo|1,952|35||||||||||-|-|RELEASED_POKEMON||||||
187|POLITOED|188|Politoed||||||||||||-|-|RELEASED_POKEMON||||||
188|HOPPIP|189|Hoppip|502|32||||||||||-|-|RELEASED_POKEMON||||||
189|SKIPLOOM|190|Skiploom||||||||||||-|-|RELEASED_POKEMON||||||
190|JUMPLUFF|191|Jumpluff||||||||||||-|-|RELEASED_POKEMON||||||
191|AIPOM|192|Aipom|1,170|33||||||||||-|-|RELEASED_POKEMON||||||
192|SUNKERN|193|Sunkern|304|29||||||||||-|-|RELEASED_POKEMON||||||
193|SUNFLORA|194|Sunflora|1,887|33||||||||||-|-|RELEASED_POKEMON||||||
194|YANMA|195|Yanma|1,200|29||||||||||-|-|RELEASED_POKEMON||||||
195|WOOPER|196|Wooper|489|28||||||||||-|-|RELEASED_POKEMON||||||
196|QUAGSIRE|197|Quagsire|||MISSING|||||||||-|-|RELEASED_POKEMON||||||
197|ESPEON|198|Espeon|2,806|33||||||||||-|-|RELEASED_POKEMON||||||
198|UMBREON|199|Umbreon||||||||||||-|-|RELEASED_POKEMON||||||
199|MURKROW|200|Murkrow|1,274|29||||||||||-|-|RELEASED_POKEMON||||||
200|SLOWKING|201|Slowking||||||||||||-|-|RELEASED_POKEMON||||||
201|MISDREAVUS|202|Misdreavus|1,454|27||||||||||-|-|RELEASED_POKEMON||||||
202|UNOWN|203|Unown|919|28||||||||||-|-|RELEASED_POKEMON||||||
203|WOBBUFFET|204|Wobbuffet|863|32||||||||||-|-|RELEASED_POKEMON||||||
204|GIRAFARIG|205|Girafarig|1,588|28||||||||||-|-|RELEASED_POKEMON||||||
205|PINECO|206|Pineco|597|19||||||||||-|-|RELEASED_POKEMON||||||
206|FORRETRESS|207|Forretress|1,271|20||||||||||-|-|RELEASED_POKEMON||||||
207|DUNSPARCE|208|Dunsparce|1,334|28||||||||||-|-|RELEASED_POKEMON||||||
208|GLIGAR|209|Gligar|1,442|28||||||||||-|-|RELEASED_POKEMON||||||
209|STEELIX|210|Steelix||||||||||||-|-|RELEASED_POKEMON||||||
210|SNUBBULL|211|Snubbull|1,064|32||||||||||-|-|RELEASED_POKEMON||||||
211|GRANBULL|212|Granbull|1,903|26||||||||||-|-|RELEASED_POKEMON||||||
212|QWILFISH|213|Qwilfish|1,842|35||||||||||-|-|RELEASED_POKEMON||||||
213|SCIZOR|214|Scizor||||||||||||-|-|RELEASED_POKEMON||||||
214|SHUCKLE|215|Shuckle|269|26||||||||||-|-|RELEASED_POKEMON||||||
215|HERACROSS|216|Heracross|||MISSING|||||||||-|-|RELEASED_POKEMON|SOUTH_AMERICA|||||
216|SNEASEL|217|Sneasel|1,670|29||||||||||-|-|RELEASED_POKEMON||||||
217|TEDDIURSA|218|Teddiursa|1,113|31||||||||||-|-|RELEASED_POKEMON||||||
218|URSARING|219|Ursaring|2,346|28||||||||||-|-|RELEASED_POKEMON||||||
219|SLUGMA|220|Slugma|747|31||||||||||-|-|RELEASED_POKEMON||||||
220|MAGCARGO|221|Magcargo||||||||||||-|-|RELEASED_POKEMON||||||
221|SWINUB|222|Swinub|580|29||||||||||-|-|RELEASED_POKEMON||||||
222|PILOSWINE|223|Piloswine|1,143|17||||||||||-|-|RELEASED_POKEMON||||||
223|CORSOLA|224|Corsola|||MISSING|||||||||-|-|RELEASED_POKEMON|TROPICS|||||
224|REMORAID|225|Remoraid|693|28||||||||||-|-|RELEASED_POKEMON||||||
225|OCTILLERY|226|Octillery|417|6||||||||||-|-|RELEASED_POKEMON||||||
226|DELIBIRD|227|Delibird|824|27||||||||||-|-|RELEASED_POKEMON||||||
227|MANTINE|228|Mantine|1,633|28||||||||||-|-|RELEASED_POKEMON||||||
228|SKARMORY|229|Skarmory|1,760|30||||||||||-|-|RELEASED_POKEMON||||||
229|HOUNDOUR|230|Houndour|1,050|32||||||||||-|-|RELEASED_POKEMON||||||
230|HOUNDOOM|231|Houndoom|2,374|34||||||||||-|-|RELEASED_POKEMON||||||
231|KINGDRA|232|Kingdra|2,369|34||||||||||-|-|RELEASED_POKEMON||||||
232|PHANPY|233|Phanpy|885|26||||||||||-|-|RELEASED_POKEMON||||||
233|DONPHAN|234|Donphan|2,656|33||||||||||-|-|RELEASED_POKEMON||||||
234|PORYGON2|235|Porygon2||||||||||||-|-|RELEASED_POKEMON||||||
235|STANTLER|236|Stantler|1,792|29||||||||||-|-|RELEASED_POKEMON||||||
236|SMEARGLE|237|Smeargle||||||||||||-|-|RELEASED_POKEMON||||||
237|TYROGUE|238|Tyrogue|260|19||||||||||-|-|RELEASED_POKEMON||||||BABY
238|HITMONTOP|239|Hitmontop|904|15||||||||||-|-|RELEASED_POKEMON||||||
239|SMOOCHUM|240|Smoochum|718|20||||||||||-|-|RELEASED_POKEMON||||||BABY
240|ELEKID|241|Elekid|682|20||||||||||-|-|RELEASED_POKEMON||||||BABY
241|MAGBY|242|Magby|731|20||||||||||-|-|RELEASED_POKEMON||||||BABY
242|MILTANK|243|Miltank|1,221|18||||||||||-|-|RELEASED_POKEMON||||||
243|BLISSEY|244|Blissey|2,520|36||||||||||-|-|RELEASED_POKEMON||||||
244|RAIKOU|245|Raikou|||MISSING|||||||||-|-|RELEASED_POKEMON|||LEGENDARY|||
245|ENTEI|246|Entei|1,967|20||||||||||-|-|RELEASED_POKEMON|||LEGENDARY|||
246|SUICUNE|247|Suicune|1,692|20||||||||||-|-|RELEASED_POKEMON|||LEGENDARY|||
247|LARVITAR|248|Larvitar|823|29||||||||||-|-|RELEASED_POKEMON||||||
248|PUPITAR|249|Pupitar||||||||||||-|-|RELEASED_POKEMON||||||
249|TYRANITAR|250|Tyranitar||||||||||||-|-|RELEASED_POKEMON||||||
250|LUGIA|251|Lugia|1,553|15||||||||||-|-|RELEASED_POKEMON|||LEGENDARY|||
251|HO_OH|252|Ho-Oh|2,167|20||||||||||-|-|RELEASED_POKEMON|||LEGENDARY|||
252|CELEBI|253|Celebi|1,496|16||||||||||-|-|RELEASED_POKEMON||||MYTHIC||
252|||||||||||||||-|-|||||||
252|||Hoenn (Gen 3)|||HEADER|||||||||-|-|||||||
253|TREECKO|254|Treecko|928|34||||||||||-|-|RELEASED_POKEMON||||||
254|GROVYLE|255|Grovyle|1,416|31||||||||||-|-|RELEASED_POKEMON||||||
255|SCEPTILE|256|Sceptile||||||||||||-|-|RELEASED_POKEMON||||||
256|TORCHIC|257|Torchic|853|28||||||||||-|-|RELEASED_POKEMON||||||
257|COMBUSKEN|258|Combusken|684|15||||||||||-|-|RELEASED_POKEMON||||||
258|BLAZIKEN|259|Blaziken||||||||||||-|-|RELEASED_POKEMON||||||
259|MUDKIP|260|Mudkip|956|32||||||||||-|-|RELEASED_POKEMON||||||
260|MARSHTOMP|261|Marshtomp||||||||||||-|-|RELEASED_POKEMON||||||
261|SWAMPERT|262|Swampert||||||||||||-|-|RELEASED_POKEMON||||||
262|POOCHYENA|263|Poochyena|512|28||||||||||-|-|RELEASED_POKEMON||||||
263|MIGHTYENA|264|Mightyena|1,104|20||||||||||-|-|RELEASED_POKEMON||||||
264|ZIGZAGOON|265|Zigzagoon|431|33||||||||||-|-|RELEASED_POKEMON||||||
265|LINOONE|266|Linoone|1,406|31||||||||||-|-|RELEASED_POKEMON||||||
266|WURMPLE|267|Wurmple|461|29||||||||||-|-|RELEASED_POKEMON||||||
267|SILCOON|268|Silcoon|407|27||||||||||-|-|RELEASED_POKEMON||||||
268|BEAUTIFLY|269|Beautifly|1,545|33||||||||||-|-|RELEASED_POKEMON||||||
269|CASCOON|270|Cascoon||||||||||||-|-|RELEASED_POKEMON||||||
270|DUSTOX|271|Dustox|605|18||||||||||-|-|RELEASED_POKEMON||||||
271|LOTAD|272|Lotad|330|20||||||||||-|-|RELEASED_POKEMON||||||
272|LOMBRE|273|Lombre|1,027|32||||||||||-|-|RELEASED_POKEMON||||||
273|LUDICOLO|274|Ludicolo||||||||||||-|-|RELEASED_POKEMON||||||
274|SEEDOT|275|Seedot|498|32||||||||||-|-|RELEASED_POKEMON||||||
275|NUZLEAF|276|Nuzleaf|850|25||||||||||-|-|RELEASED_POKEMON||||||
276|SHIFTRY|277|Shiftry|2,036|33||||||||||-|-|RELEASED_POKEMON||||||
277|TAILLOW|278|Taillow|646|32||||||||||-|-|RELEASED_POKEMON||||||
278|SWELLOW|279|Swellow|1,593|30||||||||||-|-|RELEASED_POKEMON||||||
279|WINGULL|280|Wingull|546|26||||||||||-|-|RELEASED_POKEMON||||||
280|PELIPPER|281|Pelipper||||||||||||-|-|RELEASED_POKEMON||||||
281|RALTS|282|Ralts|444|31||||||||||-|-|RELEASED_POKEMON||||||
282|KIRLIA|283|Kirlia|531|20||||||||||-|-|RELEASED_POKEMON||||||
283|GARDEVOIR|284|Gardevoir|2,623|31||||||||||-|-|RELEASED_POKEMON||||||
284|SURSKIT|285|Surskit|560|26||||||||||-|-|RELEASED_POKEMON||||||
285|MASQUERAIN|286|Masquerain|1,983|33||||||||||-|-|RELEASED_POKEMON||||||
286|SHROOMISH|287|Shroomish|683|32||||||||||-|-|RELEASED_POKEMON||||||
287|BRELOOM|288|Breloom|1,892|25||||||||||-|-|RELEASED_POKEMON||||||
288|SLAKOTH|289|Slakoth|898|35||||||||||-|-|RELEASED_POKEMON||||||
289|VIGOROTH|290|Vigoroth|826|15||||||||||-|-|RELEASED_POKEMON||||||
290|SLAKING|291|Slaking|3,786|31||||||||||-|-|RELEASED_POKEMON||||||
291|NINCADA|292|Nincada|569|27||||||||||-|-|RELEASED_POKEMON||||||
292|NINJASK|293|Ninjask||||||||||||-|-|RELEASED_POKEMON||||||
293|SHEDINJA|294|Shedinja|143|14||||||||||-|-|RELEASED_POKEMON||||||
294|WHISMUR|295|Whismur|579|34||||||||||-|-|RELEASED_POKEMON||||||
295|LOUDRED|296|Loudred|1,102|30||||||||||-|-|RELEASED_POKEMON||||||
296|EXPLOUD|297|Exploud|992|15||||||||||-|-|RELEASED_POKEMON||||||
297|MAKUHITA|298|Makuhita|671|30||||||||||-|-|RELEASED_POKEMON||||||
298|HARIYAMA|299|Hariyama|2,469|32||||||||||-|-|RELEASED_POKEMON||||||
299|AZURILL|300|Azurill|201|21||||||||||-|-|RELEASED_POKEMON||||||BABY
300|NOSEPASS|301|Nosepass|860|33||||||||||-|-|RELEASED_POKEMON||||||
301|SKITTY|302|Skitty|604|30||||||||||-|-|RELEASED_POKEMON||||||
302|DELCATTY|303|Delcatty|1,171|28||||||||||-|-|RELEASED_POKEMON||||||
303|SABLEYE|304|Sableye|1,105|27||||||||||-|-|RELEASED_POKEMON||||||
304|MAWILE|305|Mawile|1,164|25||||||||||-|-|RELEASED_POKEMON||||||
305|ARON|306|Aron|1,127|32||||||||||-|-|RELEASED_POKEMON||||||
306|LAIRON|307|Lairon|1,677|29||||||||||-|-|RELEASED_POKEMON||||||
307|AGGRON|308|Aggron|1,669|20||||||||||-|-|RELEASED_POKEMON||||||
308|MEDITITE|309|Meditite|576|31||||||||||-|-|RELEASED_POKEMON||||||
309|MEDICHAM|310|Medicham|1,114|28||||||||||-|-|RELEASED_POKEMON||||||
310|ELECTRIKE|311|Electrike|777|29||||||||||-|-|RELEASED_POKEMON||||||
311|MANECTRIC|312|Manectric|1,471|22||||||||||-|-|RELEASED_POKEMON||||||
312|PLUSLE|313|Plusle|1,506|31||||||||||-|-|RELEASED_POKEMON||||||
313|MINUN|314|Minun|1,351|28||||||||||-|-|RELEASED_POKEMON||||||
314|VOLBEAT|315|Volbeat|1,562|34||||||||||-|-|RELEASED_POKEMON|EUROPE,ASIA,AUSTRALASIA|||||
315|ILLUMISE|316|Illumise|1,254|25||||||||||-|-|RELEASED_POKEMON|NORTH_AMERICA,SOUTH_AMERICA,AFRICA|||||
316|ROSELIA|317|Roselia|1,656|34||||||||||-|-|RELEASED_POKEMON||||||
317|GULPIN|318|Gulpin|726|31||||||||||-|-|RELEASED_POKEMON||||||
318|SWALOT|319|Swalot|1,698|32||||||||||-|-|RELEASED_POKEMON||||||
319|CARVANHA|320|Carvanha|512|18||||||||||-|-|RELEASED_POKEMON||||||
320|SHARPEDO|321|Sharpedo||||||||||||-|-|RELEASED_POKEMON||||||
321|WAILMER|322|Wailmer|1,281|33||||||||||-|-|RELEASED_POKEMON||||||
322|WAILORD|323|Wailord|||MISSING|||||||||-|-|RELEASED_POKEMON||||||
323|NUMEL|324|Numel|749|26||||||||||-|-|RELEASED_POKEMON||||||
324|CAMERUPT|325|Camerupt|910|15||||||||||-|-|RELEASED_POKEMON||||||
325|TORKOAL|326|Torkoal|||MISSING|||||||||-|-|RELEASED_POKEMON|ASIA|||||
326|SPOINK|327|Spoink|1,031|28||||||||||-|-|RELEASED_POKEMON||||||
327|GRUMPIG|328|Grumpig|1,010|15||||||||||-|-|RELEASED_POKEMON||||||
328|SPINDA|329|Spinda|494|14||||||||||-|-|RELEASED_POKEMON||||||
329|TRAPINCH|330|Trapinch|974|27||||||||||-|-|RELEASED_POKEMON||||||
330|VIBRAVA|331|Vibrava|690|20||||||||||-|-|RELEASED_POKEMON||||||
331|FLYGON|332|Flygon|1,774|24||||||||||-|-|RELEASED_POKEMON||||||
332|CACNEA|333|Cacnea|1,098|34||||||||||-|-|RELEASED_POKEMON||||||
333|CACTURNE|334|Cacturne|1,805|28||||||||||-|-|RELEASED_POKEMON||||||
334|SWABLU|335|Swablu|709|33||||||||||-|-|RELEASED_POKEMON||||||
335|ALTARIA|336|Altaria|1,804|35||||||||||-|-|RELEASED_POKEMON||||||
336|ZANGOOSE|337|Zangoose|2,158|34||||||||||-|-|RELEASED_POKEMON|EUROPE,ASIA,AUSTRALASIA|||||
337|SEVIPER|338|Seviper|1,893|35||||||||||-|-|RELEASED_POKEMON|NORTH_AMERICA,SOUTH_AMERICA,AFRICA|||||
338|LUNATONE|339|Lunatone|1,991|31||||||||||-|-|RELEASED_POKEMON|NORTH_AMERICA,SOUTH_AMERICA,AFRICA|||||
339|SOLROCK|340|Solrock|2,108|35||||||||||-|-|RELEASED_POKEMON|EUROPE,ASIA,AUSTRALASIA|||||
340|BARBOACH|341|Barboach|701|33||||||||||-|-|RELEASED_POKEMON||||||
341|WHISCASH|342|Whiscash|1,857|34||||||||||-|-|RELEASED_POKEMON||||||
342|CORPHISH|343|Corphish|959|28||||||||||-|-|RELEASED_POKEMON||||||
343|CRAWDAUNT|344|Crawdaunt||||||||||||-|-|RELEASED_POKEMON||||||
344|BALTOY|345|Baltoy|630|29||||||||||-|-|RELEASED_POKEMON||||||
345|CLAYDOL|346|Claydol|1,456|26||||||||||-|-|RELEASED_POKEMON||||||
346|LILEEP|347|Lileep|1,140|34||||||||||-|-|RELEASED_POKEMON||||||
347|CRADILY|348|Cradily|1,897|32||||||||||-|-|RELEASED_POKEMON||||||
348|ANORITH|349|Anorith|1,253|29||||||||||-|-|RELEASED_POKEMON||||||
349|ARMALDO|350|Armaldo|1,825|23||||||||||-|-|RELEASED_POKEMON||||||
350|FEEBAS|351|Feebas|199|28||||||||||-|-|RELEASED_POKEMON||||||
351|MILOTIC|352|Milotic||||||||||||-|-|RELEASED_POKEMON||||||
352|CASTFORM_NORMAL|354|Castform (Normal)|1,398|32||||||||||-|-|RELEASED_POKEMON||||||
353|CASTFORM_RAINY|355|Castform (Rainy)|1,396|32||||||||||-|-|RELEASED_POKEMON||||||
354|CASTFORM_SNOWY|356|Castform (Snowy)|724|16||||||||||-|-|RELEASED_POKEMON||||||
355|CASTFORM_SUNNY|357|Castform (Sunny)|1,482|36||||||||||-|-|RELEASED_POKEMON||||||
356|KECLEON|358|Kecleon|||UNRELEASED|||||||||-|-|||||||
357|SHUPPET|359|Shuppet|707|25||||||||||-|-|RELEASED_POKEMON||||||
358|BANETTE|360|Banette||||||||||||-|-|RELEASED_POKEMON||||||
359|DUSKULL|361|Duskull|531|27||||||||||-|-|RELEASED_POKEMON||||||
360|DUSCLOPS|362|Dusclops|904|20||||||||||-|-|RELEASED_POKEMON||||||
361|TROPIUS|363|Tropius||||||||||||-|-|RELEASED_POKEMON|AFRICA,MEDITERRANEAN|||||
362|CHIMECHO|364|Chimecho|1,483|23||||||||||-|-|RELEASED_POKEMON||||||
363|ABSOL|365|Absol|1,412|20||||||||||-|-|RELEASED_POKEMON||||||
364|WYNAUT|366|Wynaut|||MISSING|||||||||-|-|RELEASED_POKEMON||||||BABY
365|SNORUNT|367|Snorunt|732|30||||||||||-|-|RELEASED_POKEMON||||||
366|GLALIE|368|Glalie||||||||||||-|-|RELEASED_POKEMON||||||
367|SPHEAL|369|Spheal|768|29||||||||||-|-|RELEASED_POKEMON||||||
368|SEALEO|370|Sealeo||||||||||||-|-|RELEASED_POKEMON||||||
369|WALREIN|371|Walrein||||||||||||-|-|RELEASED_POKEMON||||||
370|CLAMPERL|372|Clamperl|1,037|29||||||||||-|-|RELEASED_POKEMON||||||
371|HUNTAIL|373|Huntail|802|12||||||||||-|-|RELEASED_POKEMON||||||
372|GOREBYSS|374|Gorebyss|||MISSING|||||||||-|-|RELEASED_POKEMON||||||
373|RELICANTH|375|Relicanth|||MISSING|||||||||-|-|RELEASED_POKEMON|NEW_ZEALAND|||||
374|LUVDISC|376|Luvdisc|655|28||||||||||-|-|RELEASED_POKEMON||||||
375|BAGON|377|Bagon|887|28||||||||||-|-|RELEASED_POKEMON||||||
376|SHELGON|378|Shelgon|1,706|30||||||||||-|-|RELEASED_POKEMON||||||
377|SALAMENCE|379|Salamence||||||||||||-|-|RELEASED_POKEMON||||||
378|BELDUM|380|Beldum|668|25||||||||||-|-|RELEASED_POKEMON||||||
379|METANG|381|Metang|1,019|21||||||||||-|-|RELEASED_POKEMON||||||
380|METAGROSS|382|Metagross|2,153|20||||||||||-|-|RELEASED_POKEMON||||||
381|REGIROCK|383|Regirock|2,170|25||||||||||-|-|RELEASED_POKEMON|||LEGENDARY|||
382|REGICE|384|Regice|1,773|20||||||||||-|-|RELEASED_POKEMON|||LEGENDARY|||
383|REGISTEEL|385|Registeel|1,376|20||||||||||-|-|RELEASED_POKEMON|||LEGENDARY|||
384|LATIAS|386|Latias|1,961|20||||||||||-|-|RELEASED_POKEMON|||LEGENDARY|||
385|LATIOS|387|Latios|2,146|20||||||||||-|-|RELEASED_POKEMON|||LEGENDARY|||
386|KYOGRE|388|Kyogre|2,260|19||||||||||-|-|RELEASED_POKEMON|||LEGENDARY|||
387|GROUDON|389|Groudon|2,329|20||||||||||-|-|RELEASED_POKEMON|||LEGENDARY|||
388|RAYQUAZA|390|Rayquaza|3,278|31||||||||||-|-|RELEASED_POKEMON|||LEGENDARY|||
389|JIRACHI|391|Jirachi|1,356|14||||||||||-|-|RELEASED_POKEMON||||MYTHIC||
390|DEOXYS_ATTACK|393|Deoxys (Attack Forme)|||MISSING|||||||||-|-|RELEASED_POKEMON||||MYTHIC||
391|DEOXYS_DEFENSE|394|Deoxys (Defense Forme)|1,575|25||||||||||-|-|RELEASED_POKEMON||||MYTHIC||
392|DEOXYS_NORMAL|395|Deoxys (Normal Forme)|1,752|20||||||||||-|-|RELEASED_POKEMON||||MYTHIC||
393|DEOXYS_SPEED|396|Deoxys (Speed Forme)|1,608|20||||||||||-|-|RELEASED_POKEMON||||MYTHIC||
393|||||||||||||||-|-|||||||
393|||Sinnoh (Gen 4)|||HEADER|||||||||-|-|||||||
394|TURTWIG|397|Turtwig|962|29||||||||||-|-|RELEASED_POKEMON||||||
395|GROTLE|398|Grotle|1,467|28||||||||||-|-|RELEASED_POKEMON||||||
396|TORTERRA|399|Torterra|2,557|32||||||||||-|-|RELEASED_POKEMON||||||
397|CHIMCHAR|400|Chimchar|780|29||||||||||-|-|RELEASED_POKEMON||||||
398|MONFERNO|401|Monferno||||||||||||-|-|RELEASED_POKEMON||||||
399|INFERNAPE|402|Infernape||||||||||||-|-|RELEASED_POKEMON||||||
400|PIPLUP|403|Piplup|880|30||||||||||-|-|RELEASED_POKEMON||||||
401|PRINPLUP|404|Prinplup|922|19||||||||||-|-|RELEASED_POKEMON||||||
402|EMPOLEON|405|Empoleon|2,261|28||||||||||-|-|RELEASED_POKEMON||||||
403|STARLY|406|Starly|563|29||||||||||-|-|RELEASED_POKEMON||||||
404|STARAVIA|407|Staravia||||||||||||-|-|RELEASED_POKEMON||||||
405|STARAPTOR|408|Staraptor||||||||||||-|-|RELEASED_POKEMON||||||
406|BIDOOF|409|Bidoof|599|31||||||||||-|-|RELEASED_POKEMON||||||
407|BIBAREL|410|Bibarel|1,493|29||||||||||-|-|RELEASED_POKEMON||||||
408|KRICKETOT|411|Kricketot|247|23||||||||||-|-|RELEASED_POKEMON||||||
409|KRICKETUNE|412|Kricketune||||||||||||-|-|RELEASED_POKEMON||||||
410|SHINX|413|Shinx|596|25||||||||||-|-|RELEASED_POKEMON||||||
411|LUXIO|414|Luxio|||MISSING|||||||||-|-|RELEASED_POKEMON||||||
412|LUXRAY|415|Luxray|||MISSING|||||||||-|-|RELEASED_POKEMON||||||
413|BUDEW|416|Budew|485|20||||||||||-|-|RELEASED_POKEMON||||||BABY
414|ROSERADE|417|Roserade|2,567|32||||||||||-|-|RELEASED_POKEMON||||||
415|CRANIDOS|418|Cranidos|1,545|31||||||||||-|-|RELEASED_POKEMON||||||
416|RAMPARDOS|419|Rampardos||||||||||||-|-|RELEASED_POKEMON||||||
417|SHIELDON|420|Shieldon|263|10||||||||||-|-|RELEASED_POKEMON||||||
418|BASTIODON|421|Bastiodon|1,323|32||||||||||-|-|RELEASED_POKEMON||||||
419|BURMY_PLANT|423|Burmy (Plant)|384|29||||||||||-|-|RELEASED_POKEMON||||||
420|BURMY_SANDY|424|Burmy (Sandy)|368|28||||||||||-|-|RELEASED_POKEMON||||||
421|BURMY_TRASH|425|Burmy (Trash)|396|31||||||||||-|-|RELEASED_POKEMON||||||
422|WORMADAM_PLANT|427|Wormadam (Plant)||||||||||||-|-|RELEASED_POKEMON||||||
423|WORMADAM_SANDY|428|Wormadam (Sandy)||||||||||||-|-|RELEASED_POKEMON||||||
424|WORMADAM_TRASH|429|Wormadam (Trash)||||||||||||-|-|RELEASED_POKEMON||||||
425|MOTHIM|430|Mothim||||||||||||-|-|RELEASED_POKEMON||||||
426|COMBEE|431|Combee|427|34||||||||||-|-|RELEASED_POKEMON||||||
427|VESPIQUEN|432|Vespiquen|1,526|27||||||||||-|-|RELEASED_POKEMON||||||
428|PACHIRISU|433|Pachirisu|||MISSING|||||||||-|-|RELEASED_POKEMON|CANADA,RUSSIA|||||
429|BUIZEL|434|Buizel|933|35||||||||||-|-|RELEASED_POKEMON||||||
430|FLOATZEL|435|Floatzel|1,831|27||||||||||-|-|RELEASED_POKEMON||||||
431|CHERUBI|436|Cherubi|524|20||||||||||-|-|RELEASED_POKEMON||||||
432|CHERRIM_OVERCAST|438|Cherrim (Overcast)|1,556|27||||||||||-|-|RELEASED_POKEMON||||||
433|CHERRIM_SUNNY|439|Cherrim (Sunny)|1,768|32||||||||||-|-|RELEASED_POKEMON||||||
434|SHELLOS_EAST_SEA|441|Shellos (East Sea)|882|28||||||||||-|-|RELEASED_POKEMON|EAST|||||
435|SHELLOS_WEST_SEA|442|Shellos (West Sea)|517|16||||||||||-|-|RELEASED_POKEMON|WEST|||||
436|GASTRODON_EAST_SEA|444|Gastrodon (East Sea)||||||||||||-|-|RELEASED_POKEMON|EAST|||||
437|GASTRODON_WEST_SEA|445|Gastrodon (West Sea)||||||||||||-|-|RELEASED_POKEMON|WEST|||||
438|AMBIPOM|446|Ambipom||||||||||||-|-|RELEASED_POKEMON||||||
439|DRIFLOON|447|Drifloon|1,006|31||||||||||-|-|RELEASED_POKEMON||||||
440|DRIFBLIM|448|Drifblim|1,545|23||||||||||-|-|RELEASED_POKEMON||||||
441|BUNEARY|449|Buneary|1,085|33||||||||||-|-|RELEASED_POKEMON||||||
442|LOPUNNY|450|Lopunny|1,620|28||||||||||-|-|RELEASED_POKEMON||||||
443|MISMAGIUS|451|Mismagius|1,403|19||||||||||-|-|RELEASED_POKEMON||||||
444|HONCHKROW|452|Honchkrow|2,457|35||||||||||-|-|RELEASED_POKEMON||||||
445|GLAMEOW|453|Glameow|806|33||||||||||-|-|RELEASED_POKEMON||||||
446|PURUGLY|454|Purugly|1,278|23||||||||||-|-|RELEASED_POKEMON||||||
447|CHINGLING|455|Chingling|550|20||||||||||-|-|RELEASED_POKEMON||||||BABY
448|STUNKY|456|Stunky|924|29||||||||||-|-|RELEASED_POKEMON||||||
449|SKUNTANK|457|Skuntank|2,047|32||||||||||-|-|RELEASED_POKEMON||||||
450|BRONZOR|458|Bronzor|439|27||||||||||-|-|RELEASED_POKEMON||||||
451|BRONZONG|459|Bronzong|920|14||||||||||-|-|RELEASED_POKEMON||||||
452|BONSLY|460|Bonsly|721|20||||||||||-|-|RELEASED_POKEMON||||||BABY
453|MIME_JR|461|Mime Jr.|614|20||||||||||-|-|RELEASED_POKEMON|EUROPE|||||BABY
454|HAPPINY|462|Happiny|208|21||||||||||-|-|RELEASED_POKEMON||||||BABY
455|CHATOT|463|Chatot|||MISSING|||||||||-|-|RELEASED_POKEMON|SOUTH|||||
456|SPIRITOMB|464|Spiritomb|866|15||||||||||-|-|RELEASED_POKEMON||||||
457|GIBLE|465|Gible|912|30||||||||||-|-|RELEASED_POKEMON||||||
458|GABITE|466|Gabite|||MISSING|||||||||-|-|RELEASED_POKEMON||||||
459|GARCHOMP|467|Garchomp|||MISSING|||||||||-|-|RELEASED_POKEMON||||||
460|MUNCHLAX|468|Munchlax|1,059|20||||||||||-|-|RELEASED_POKEMON||||||BABY
461|RIOLU|469|Riolu|551|20||||||||||-|-|RELEASED_POKEMON||||||BABY
462|LUCARIO|470|Lucario|||MISSING|||||||||-|-|RELEASED_POKEMON||||||
463|HIPPOPOTAS|471|Hippopotas|1,127|30||||||||||-|-|RELEASED_POKEMON||||||
464|HIPPOWDON|472|Hippowdon||||||||||||-|-|RELEASED_POKEMON||||||
465|SKORUPI|473|Skorupi|864|32||||||||||-|-|RELEASED_POKEMON||||||
466|DRAPION|474|Drapion|2,047|30||||||||||-|-|RELEASED_POKEMON||||||
467|CROAGUNK|475|Croagunk|738|28||||||||||-|-|RELEASED_POKEMON||||||
468|TOXICROAK|476|Toxicroak|2,122|31||||||||||-|-|RELEASED_POKEMON||||||
469|CARNIVINE|477|Carnivine|||MISSING|||||||||-|-|RELEASED_POKEMON|FLORIDA|||||
470|FINNEON|478|Finneon|805|30||||||||||-|-|RELEASED_POKEMON||||||
471|LUMINEON|479|Lumineon|1,016|20||||||||||-|-|RELEASED_POKEMON||||||
472|MANTYKE|480|Mantyke|||MISSING|||||||||-|-|RELEASED_POKEMON||||||BABY
473|SNOVER|481|Snover|973|31||||||||||-|-|RELEASED_POKEMON||||||
474|ABOMASNOW|482|Abomasnow|1,857|28||||||||||-|-|RELEASED_POKEMON||||||
475|WEAVILE|483|Weavile|1,265|15||||||||||-|-|RELEASED_POKEMON||||||
476|MAGNEZONE|484|Magnezone||||||||||||-|-|RELEASED_POKEMON||||||
477|LICKILICKY|485|Lickilicky||||||||||||-|-|RELEASED_POKEMON||||||
478|RHYPERIOR|486|Rhyperior|3,160|30||||||||||-|-|RELEASED_POKEMON||||||
479|TANGROWTH|487|Tangrowth|2,648|32||||||||||-|-|RELEASED_POKEMON||||||
480|ELECTIVIRE|488|Electivire||||||||||||-|-|RELEASED_POKEMON||||||
481|MAGMORTAR|489|Magmortar|2,648|30||||||||||-|-|RELEASED_POKEMON||||||
482|TOGEKISS|490|Togekiss||||||||||||-|-|RELEASED_POKEMON||||||
483|YANMEGA|491|Yanmega|2,602|33||||||||||-|-|RELEASED_POKEMON||||||
484|LEAFEON|492|Leafeon|2,452|29||||||||||-|-|RELEASED_POKEMON||||||
485|GLACEON|493|Glaceon|2,657|31||||||||||-|-|RELEASED_POKEMON||||||
486|GLISCOR|494|Gliscor||||||||||||-|-|RELEASED_POKEMON||||||
487|MAMOSWINE|495|Mamoswine||||||||||||-|-|RELEASED_POKEMON||||||
488|PORYGON_Z|496|Porygon-Z||||||||||||-|-|RELEASED_POKEMON||||||
489|GALLADE|497|Gallade||||||||||||-|-|RELEASED_POKEMON||||||
490|PROBOPASS|498|Probopass|1,800|32||||||||||-|-|RELEASED_POKEMON||||||
491|DUSKNOIR|499|Dusknoir||||||||||||-|-|RELEASED_POKEMON||||||
492|FROSLASS|500|Froslass||||||||||||-|-|RELEASED_POKEMON||||||
493|ROTOM_FAN|502|Rotom (Fan)|||UNRELEASED|||||||||-|-|||||||
494|ROTOM_FROST|503|Rotom (Frost)|||UNRELEASED|||||||||-|-|||||||
495|ROTOM_HEAT|504|Rotom (Heat)|||UNRELEASED|||||||||-|-|||||||
496|ROTOM_MOW|505|Rotom (Mow)|||UNRELEASED|||||||||-|-|||||||
497|ROTOM_NORMAL|506|Rotom (Normal)|||UNRELEASED|||||||||-|-|||||||
498|ROTOM_WASH|507|Rotom (Wash)|1,950|27||||||||||-|-|||||||
499|UXIE|508|Uxie|||MISSING|||||||||-|-|RELEASED_POKEMON|NORTH_AMERICA,SOUTH_AMERICA,GREENLAND||LEGENDARY|||
500|MESPRIT|509|Mesprit|||MISSING|||||||||-|-|RELEASED_POKEMON|EUROPE,MIDDLE_EAST,AFRICA,INDIA||LEGENDARY|||
501|AZELF|510|Azelf|||MISSING|||||||||-|-|RELEASED_POKEMON|ASIA||LEGENDARY|||
502|DIALGA|511|Dialga|2,289|20||||||||||-|-|RELEASED_POKEMON|||LEGENDARY|||
503|PALKIA|512|Palkia|2,797|25||||||||||-|-|RELEASED_POKEMON|||LEGENDARY|||
504|HEATRAN|513|Heatran|2,644|25||||||||||-|-|RELEASED_POKEMON|||LEGENDARY|||
505|REGIGIGAS|514|Regigigas|2,461|20||||||||||-|-|RELEASED_POKEMON|||LEGENDARY|||
506|GIRATINA_ALTERED|516|Giratina (Altered)|1,921|20||||||||||-|-|RELEASED_POKEMON|||LEGENDARY|||
507|GIRATINA_ORIGIN|517|Giratina (Origin)|2,069|20||||||||||-|-|????|||LEGENDARY|||
508|CRESSELIA|518|Cresselia|1,601|20||||||||||-|-|RELEASED_POKEMON|||LEGENDARY|||
509|PHIONE|519|Phione|||UNRELEASED|||||||||-|-|||||MYTHIC||
510|MANAPHY|520|Manaphy|||UNRELEASED|||||||||-|-|||||MYTHIC||
511|DARKRAI|521|Darkrai|2,100|20||||||||||-|-|RELEASED_POKEMON||||MYTHIC||
512|SHAYMIN_LAND|523|Shaymin (Land)|||UNRELEASED|||||||||-|-|||||MYTHIC||
513|SHAYMIN_SKY|524|Shaymin (Sky)|||UNRELEASED|||||||||-|-|||||MYTHIC||
514|ARCEUS|525|Arceus|||UNRELEASED|||||||||-|-|||||MYTHIC||
514|||||||||||||||-|-|||||||
514|||Unova (Gen 5)|||HEADER|||||||||-|-|||||||
515|VICTINI|544|Victini|1,356|14||||||||||-|-|RELEASED_POKEMON||||MYTHIC||
516|SNIVY|545|Snivy|515|22||||||||||-|-|RELEASED_POKEMON||||||
517|SERVINE|546|Servine||||||||||||-|-|RELEASED_POKEMON||||||
518|SERPERIOR|547|Serperior||||||||||||-|-|RELEASED_POKEMON||||||
519|TEPIG|548|Tepig|972|35||||||||||-|-|RELEASED_POKEMON||||||
520|PIGNITE|549|Pignite|1,683|33||||||||||-|-|RELEASED_POKEMON||||||
521|EMBOAR|550|Emboar||||||||||||-|-|RELEASED_POKEMON||||||
522|OSHAWOTT|551|Oshawott|726|25||||||||||-|-|RELEASED_POKEMON||||||
523|DEWOTT|552|Dewott||||||||||||-|-|RELEASED_POKEMON||||||
524|SAMUROTT|553|Samurott||||||||||||-|-|RELEASED_POKEMON||||||
525|PATRAT|554|Patrat|672|32||||||||||-|-|RELEASED_POKEMON||||||
526|WATCHOG|555|Watchog|1,366|27||||||||||-|-|RELEASED_POKEMON||||||
527|LILLIPUP|556|Lillipup|774|32||||||||||-|-|RELEASED_POKEMON||||||
528|HERDIER|557|Herdier|1,270|29||||||||||-|-|RELEASED_POKEMON||||||
529|STOUTLAND|558|Stoutland|2,525|34||||||||||-|-|RELEASED_POKEMON||||||
530|PURRLOIN|559|Purrloin|408|19||||||||||-|-|RELEASED_POKEMON||||||
531|LIEPARD|560|Liepard||||||||||||-|-|RELEASED_POKEMON||||||
532|PANSAGE|561|Pansage|||MISSING|||||||||-|-|RELEASED_POKEMON|ASIA|||||
533|SIMISAGE|562|Simisage|||MISSING|||||||||-|-|RELEASED_POKEMON|ASIA|||||
534|PANSEAR|563|Pansear|669|25||||||||||-|-|RELEASED_POKEMON|EUROPE,MIDDLE_EAST,AFRICA,INDIA|||||
535|SIMISEAR|564|Simisear|||MISSING|||||||||-|-|RELEASED_POKEMON|EUROPE,MIDDLE_EAST,AFRICA,INDIA|||||
536|PANPOUR|565|Panpour|||MISSING|||||||||-|-|RELEASED_POKEMON|NORTH_AMERICA,SOUTH_AMERICA|||||
537|SIMIPOUR|566|Simipour|||MISSING|||||||||-|-|RELEASED_POKEMON|NORTH_AMERICA,SOUTH_AMERICA|||||
538|MUNNA|567|Munna|||UNRELEASED|||||||||-|-|||||||
539|MUSHARNA|568|Musharna|||UNRELEASED|||||||||-|-|||||||
540|PIDOVE|569|Pidove|735|34||||||||||-|-|RELEASED_POKEMON||||||
541|TRANQUILL|570|Tranquill|1,189|30||||||||||-|-|RELEASED_POKEMON||||||
542|UNFEZANT|571|Unfezant||||||||||||-|-|RELEASED_POKEMON||||||
543|BLITZLE|572|Blitzle|590|24||||||||||-|-|RELEASED_POKEMON||||||
544|ZEBSTRIKA|573|Zebstrika|||MISSING|||||||||-|-|RELEASED_POKEMON||||||
545|ROGGENROLA|574|Roggenrola|944|28||||||||||-|-|RELEASED_POKEMON||||||
546|BOLDORE|575|Boldore|||MISSING|||||||||-|-|RELEASED_POKEMON||||||
547|GIGALITH|576|Gigalith|||MISSING|||||||||-|-|RELEASED_POKEMON||||||
548|WOOBAT|577|Woobat|783|28||||||||||-|-|RELEASED_POKEMON||||||
549|SWOOBAT|578|Swoobat|729|15||||||||||-|-|RELEASED_POKEMON||||||
550|DRILBUR|579|Drilbur|1,138|30||||||||||-|-|RELEASED_POKEMON||||||
551|EXCADRILL|580|Excadrill||||||||||||-|-|RELEASED_POKEMON||||||
552|AUDINO|581|Audino|925|20||||||||||-|-|RELEASED_POKEMON||||||
553|TIMBURR|582|Timburr|899|24||||||||||-|-|RELEASED_POKEMON||||||
554|GURDURR|583|Gurdurr||||||||||||-|-|RELEASED_POKEMON||||||
555|CONKELDURR|584|Conkeldurr||||||||||||-|-|RELEASED_POKEMON||||||
556|TYMPOLE|585|Tympole|663|29||||||||||-|-|RELEASED_POKEMON||||||
557|PALPITOAD|586|Palpitoad||||||||||||-|-|RELEASED_POKEMON||||||
558|SEISMITOAD|587|Seismitoad||||||||||||-|-|RELEASED_POKEMON||||||
559|THROH|588|Throh|||MISSING|||||||||-|-|RELEASED_POKEMON|NORTH_AMERICA,SOUTH_AMERICA,AFRICA|||||
560|SAWK|589|Sawk|2,339|30||||||||||-|-|RELEASED_POKEMON|EUROPE,ASIA,AUSTRALASIA,NEW_ZEALAND,MIDDLE_EAST|||||
561|SEWADDLE|590|Sewaddle|||UNRELEASED|||||||||-|-|RELEASED_POKEMON||||||
562|SWADLOON|591|Swadloon|||UNRELEASED|||||||||-|-|RELEASED_POKEMON||||||
563|LEAVANNY|592|Leavanny|||UNRELEASED|||||||||-|-|RELEASED_POKEMON||||||
564|VENIPEDE|593|Venipede|566|29||||||||||-|-|RELEASED_POKEMON||||||
565|WHIRLIPEDE|594|Whirlipede||||||||||||-|-|RELEASED_POKEMON||||||
566|SCOLIPEDE|595|Scolipede|2,179|34||||||||||-|-|RELEASED_POKEMON||||||
567|COTTONEE|596|Cottonee|||UNRELEASED|||||||||-|-|RELEASED_POKEMON||||||
568|WHIMSICOTT|597|Whimsicott|||UNRELEASED|||||||||-|-|RELEASED_POKEMON||||||
569|PETILIL|598|Petilil|802|28||||||||||-|-|RELEASED_POKEMON||||||
570|LILLIGANT|599|Lilligant|||MISSING|||||||||-|-|RELEASED_POKEMON||||||
571|BASCULIN_BLUE_STRIPED|601|Basculin (Blue-Striped)|||MISSING|||||||||-|-|RELEASED_POKEMON|WEST|||||
572|BASCULIN_RED_STRIPED|602|Basculin (Red-Striped)|1,106|19||||||||||-|-|RELEASED_POKEMON|EAST|||||
573|SANDILE|603|Sandile|||UNRELEASED|||||||||-|-|RELEASED_POKEMON||||||
574|KROKOROK|604|Krokorok|||UNRELEASED|||||||||-|-|RELEASED_POKEMON||||||
575|KROOKODILE|605|Krookodile|||UNRELEASED|||||||||-|-|RELEASED_POKEMON||||||
576|DARUMAKA|606|Darumaka|1,059|26||||||||||-|-|RELEASED_POKEMON||||||
577|DARMANITAN_STANDARD|608|Darmanitan (Standard)|||MISSING|||||||||-|-|RELEASED_POKEMON||||||
578|DARMANITAN_ZEN|609|Darmanitan (Zen)|||UNRELEASED|||||||||-|-|????||||||
579|MARACTUS|610|Maractus|||MISSING|||||||||-|-|RELEASED_POKEMON|SOUTH_AMERICA|||||
580|DWEBBLE|611|Dwebble|1,029|31||||||||||-|-|RELEASED_POKEMON||||||
581|CRUSTLE|612|Crustle||||||||||||-|-|RELEASED_POKEMON||||||
582|SCRAGGY|613|Scraggy|752|20||||||||||-|-|RELEASED_POKEMON||||||
583|SCRAFTY|614|Scrafty|||MISSING|||||||||-|-|RELEASED_POKEMON||||||
584|SIGILYPH|615|Sigilyph|||MISSING|||||||||-|-|RELEASED_POKEMON|AFRICA_NORTH|||||
585|YAMASK|616|Yamask|739|27||||||||||-|-|RELEASED_POKEMON||||||
586|COFAGRIGUS|617|Cofagrigus|||MISSING|||||||||-|-|RELEASED_POKEMON||||||
587|TIRTOUGA|618|Tirtouga|815|19||||||||||-|-|RELEASED_POKEMON||||||
588|CARRACOSTA|619|Carracosta|||MISSING|||||||||-|-|RELEASED_POKEMON||||||
589|ARCHEN|620|Archen|568|11||||||||||-|-|RELEASED_POKEMON||||||
590|ARCHEOPS|621|Archeops|||MISSING|||||||||-|-|RELEASED_POKEMON||||||
591|TRUBBISH|622|Trubbish|720|26||||||||||-|-|RELEASED_POKEMON||||||
592|GARBODOR|623|Garbodor|||MISSING|||||||||-|-|RELEASED_POKEMON||||||
593|ZORUA|624|Zorua|||UNRELEASED|||||||||-|-|||||||
594|ZOROARK|625|Zoroark|||UNRELEASED|||||||||-|-|||||||
595|MINCCINO|626|Minccino|757|34||||||||||-|-|RELEASED_POKEMON||||||
596|CINCCINO|627|Cinccino||||||||||||-|-|RELEASED_POKEMON||||||
597|GOTHITA|628|Gothita|543|21||||||||||-|-|RELEASED_POKEMON||||||
598|GOTHORITA|629|Gothorita||||||||||||-|-|RELEASED_POKEMON||||||
599|GOTHITELLE|630|Gothitelle|||MISSING|||||||||-|-|RELEASED_POKEMON||||||
600|SOLOSIS|631|Solosis|1,009|26||||||||||-|-|RELEASED_POKEMON||||||
601|DUOSION|632|Duosion||||||||||||-|-|RELEASED_POKEMON||||||
602|REUNICLUS|633|Reuniclus|||MISSING|||||||||-|-|RELEASED_POKEMON||||||
603|DUCKLETT|634|Ducklett||||||||||||-|-|RELEASED_POKEMON||||||
604|SWANNA|635|Swanna|||MISSING|||||||||-|-|RELEASED_POKEMON||||||
605|VANILLITE|636|Vanillite|||UNRELEASED|||||||||-|-|||||||
606|VANILLISH|637|Vanillish|||UNRELEASED|||||||||-|-|||||||
607|VANILLUXE|638|Vanilluxe|||UNRELEASED|||||||||-|-|||||||
608|DEERLING_AUTUMN|640|Deerling (Autumn)|||MISSING|||||||||-|-|||||||
609|DEERLING_SPRING|641|Deerling (Spring)|||UNRELEASED|||||||||-|-|||||||
610|DEERLING_SUMMER|642|Deerling (Summer)|||UNRELEASED|||||||||-|-|||||||
611|DEERLING_WINTER|643|Deerling (Winter)|||UNRELEASED|||||||||-|-|||||||
612|SAWSBUCK_AUTUMN|645|Sawsbuck (Autumn)|||MISSING|||||||||-|-|||||||
613|SAWSBUCK_SPRING|646|Sawsbuck (Spring)|||UNRELEASED|||||||||-|-|||||||
614|SAWSBUCK_SUMMER|647|Sawsbuck (Summer)|||UNRELEASED|||||||||-|-|||||||
615|SAWSBUCK_WINTER|648|Sawsbuck (Winter)|||UNRELEASED|||||||||-|-|||||||
616|EMOLGA|649|Emolga|||MISSING|||||||||-|-|RELEASED_POKEMON||||||
617|KARRABLAST|650|Karrablast|636|19||||||||||-|-|RELEASED_POKEMON||||||
618|ESCAVALIER|651|Escavalier||||||||||||-|-|RELEASED_POKEMON||||||
619|FOONGUS|652|Foongus|755|28||||||||||-|-|RELEASED_POKEMON||||||
620|AMOONGUSS|653|Amoonguss|1,794|30||||||||||-|-|RELEASED_POKEMON||||||
621|FRILLISH_FEMALE|655|Frillish (Female)|||UNRELEASED|||||||||-|-|????||||||
622|FRILLISH_NORMAL|656|Frillish (Normal)|||UNRELEASED|||||||||-|-|||||||
623|JELLICENT_FEMALE|658|Jellicent (Female)|||UNRELEASED|||||||||-|-|||||||
624|JELLICENT_NORMAL|659|Jellicent (Normal)|||UNRELEASED|||||||||-|-|||||||
625|ALOMOMOLA|660|Alomomola|1,857|32||||||||||-|-|RELEASED_POKEMON||||||
626|JOLTIK|661|Joltik|717|25||||||||||-|-|RELEASED_POKEMON||||||
627|GALVANTULA|662|Galvantula||||||||||||-|-|RELEASED_POKEMON||||||
628|FERROSEED|663|Ferroseed|762|29||||||||||-|-|RELEASED_POKEMON||||||
629|FERROTHORN|664|Ferrothorn|||MISSING|||||||||-|-|RELEASED_POKEMON||||||
630|KLINK|665|Klink|538|20||||||||||-|-|RELEASED_POKEMON||||||
631|KLANG|666|Klang||||||||||||-|-|RELEASED_POKEMON||||||
632|KLINKLANG|667|Klinklang|||MISSING|||||||||-|-|RELEASED_POKEMON||||||
633|TYNAMO|668|Tynamo|||UNRELEASED|||||||||-|-|||||||
634|EELEKTRIK|669|Eelektrik|||UNRELEASED|||||||||-|-|||||||
635|EELEKTROSS|670|Eelektross|||UNRELEASED|||||||||-|-|||||||
636|ELGYEM|671|Elgyem|||MISSING|||||||||-|-|RELEASED_POKEMON||||||
637|BEHEEYEM|672|Beheeyem|||MISSING|||||||||-|-|RELEASED_POKEMON||||||
638|LITWICK|673|Litwick|716|26||||||||||-|-|RELEASED_POKEMON||||||
639|LAMPENT|674|Lampent||||||||||||-|-|RELEASED_POKEMON||||||
640|CHANDELURE|675|Chandelure||||||||||||-|-|RELEASED_POKEMON||||||
641|AXEW|676|Axew|||MISSING|||||||||-|-|RELEASED_POKEMON||||||
642|FRAXURE|677|Fraxure|||MISSING|||||||||-|-|RELEASED_POKEMON||||||
643|HAXORUS|678|Haxorus|||MISSING|||||||||-|-|RELEASED_POKEMON||||||
644|CUBCHOO|679|Cubchoo|731|25||||||||||-|-|RELEASED_POKEMON||||||
645|BEARTIC|680|Beartic|2,115|25||||||||||-|-|RELEASED_POKEMON||||||
646|CRYOGONAL|681|Cryogonal|2,109|27||||||||||-|-|RELEASED_POKEMON||||||
647|SHELMET|682|Shelmet|621|27||||||||||-|-|RELEASED_POKEMON||||||
648|ACCELGOR|683|Accelgor||||||||||||-|-|RELEASED_POKEMON||||||
649|STUNFISK|684|Stunfisk|1,727|28||||||||||-|-|RELEASED_POKEMON||||||
650|MIENFOO|685|Mienfoo|||UNRELEASED|||||||||-|-|||||||
651|MIENSHAO|686|Mienshao|||UNRELEASED|||||||||-|-|||||||
652|DRUDDIGON|687|Druddigon|||UNRELEASED|||||||||-|-|||||||
653|GOLETT|688|Golett|650|20||||||||||-|-|RELEASED_POKEMON||||||
654|GOLURK|689|Golurk||||||||||||-|-|RELEASED_POKEMON||||||
655|PAWNIARD|690|Pawniard|||MISSING|||||||||-|-|RELEASED_POKEMON||||||
656|BISHARP|691|Bisharp|||MISSING|||||||||-|-|RELEASED_POKEMON||||||
657|BOUFFALANT|692|Bouffalant|||MISSING|||||||||-|-|RELEASED_POKEMON|NORTH_AMERICA|||||
658|RUFFLET|693|Rufflet|||MISSING|||||||||-|-|RELEASED_POKEMON||||||
659|BRAVIARY|694|Braviary|||MISSING|||||||||-|-|RELEASED_POKEMON||||||
660|VULLABY|695|Vullaby||||||||||||-|-|RELEASED_POKEMON||||||
661|MANDIBUZZ|696|Mandibuzz|||MISSING|||||||||-|-|RELEASED_POKEMON||||||
662|HEATMOR|697|Heatmor|1,959|29||||||||||-|-|RELEASED_POKEMON|NORTH_AMERICA,SOUTH_AMERICA,AFRICA|||||
663|DURANT|698|Durant|2,159|29||||||||||-|-|RELEASED_POKEMON|EUROPE,ASIA,AUSTRALASIA|||||
664|DEINO|699|Deino|||MISSING|||||||||-|-|RELEASED_POKEMON||||||
665|ZWEILOUS|700|Zweilous|||MISSING|||||||||-|-|RELEASED_POKEMON||||||
666|HYDREIGON|701|Hydreigon|||MISSING|||||||||-|-|RELEASED_POKEMON||||||
667|LARVESTA|702|Larvesta|||UNRELEASED|||||||||-|-|||||||
668|VOLCARONA|703|Volcarona|||UNRELEASED|||||||||-|-|||||||
669|COBALION|704|Cobalion|2,103|25||||||||||-|-|RELEASED_POKEMON|||LEGENDARY|||
670|TERRAKION|705|Terrakion|2,602|25||||||||||-|-|RELEASED_POKEMON|||LEGENDARY|||
671|VIRIZION|706|Virizion|2,127|25||||||||||-|-|RELEASED_POKEMON|||LEGENDARY|||
672|TORNADUS_INCARNATE|708|Tornadus (Incarnate Forme)|2,357|25||||||||||-|-|RELEASED_POKEMON|||LEGENDARY|||
673|TORNADUS_THERIAN|709|Tornadus (Therian Forme)|||UNRELEASED|||||||||-|-|????|||LEGENDARY|||
674|THUNDURUS_INCARNATE|711|Thundurus (Incarnate Forme)|1,880|20||||||||||-|-|RELEASED_POKEMON|||LEGENDARY|||
675|THUNDURUS_THERIAN|712|Thundurus (Therian Forme)|||UNRELEASED|||||||||-|-|????|||LEGENDARY|||
676|RESHIRAM|713|Reshiram|3,446|31||||||||||-|-|RELEASED_POKEMON|||LEGENDARY|||
677|ZEKROM|714|Zekrom|2,858|25||||||||||-|-|RELEASED_POKEMON|||LEGENDARY|||
678|LANDORUS_INCARNATE|716|Landorus (Incarnate Forme)|2,506|25||||||||||-|-|RELEASED_POKEMON|||LEGENDARY|||
679|LANDORUS_THERIAN|717|Landorus (Therian Forme)|||UNRELEASED|||||||||-|-|????|||LEGENDARY|||
680|KYUREM_BLACK|719|Kyurem (Black Kyurem)|||UNRELEASED|||||||||-|-|????|||LEGENDARY|||
681|KYUREM_NORMAL|720|Kyurem (Regular Kyurem)|2,019|20||||||||||-|-|RELEASED_POKEMON|||LEGENDARY|||
682|KYUREM_WHITE|721|Kyurem (White Kyurem)|||UNRELEASED|||||||||-|-|????|||LEGENDARY|||
683|KELDEO_ORDINARY|723|Keldeo (Original Form)|||UNRELEASED|||||||||-|-|||||MYTHIC||
684|KELDEO_RESOLUTE|724|Keldeo (Resolute Form)|||UNRELEASED|||||||||-|-|????||||MYTHIC||
685|MELOETTA_ARIA|726|Meloetta (Aria Forme)|||UNRELEASED|||||||||-|-|||||MYTHIC||
686|MELOETTA_PIROUETTE|727|Meloetta (Pirouette Forme)|||UNRELEASED|||||||||-|-|????||||MYTHIC||
687|GENESECT|728|Genesect||||||||||||-|-|RELEASED_POKEMON||||MYTHIC||
687|||||||||||||||-|-|||||||
687|||Kalos (Gen 6)|||HEADER|||||||||-|-|||||||
687|||||||||||||||-|-|||||||
687|||||||||||||||-|-|||||||
687|||||||||||||||-|-|||||||
687|||||||||||||||-|-|||||||
687|||Alola (Gen 7)|||HEADER|||||||||-|-|||||||
688|RATTATA_ALOLA|734|Alolan Rattata|584|29||||||||||-|-|RELEASED_POKEMON||||||
689|RATICATE_ALOLA|735|Alolan Raticate|1,521|34||||||||||-|-|RELEASED_POKEMON||||||
690|RAICHU_ALOLA|736|Alolan Raichu|1,287|20||||||||||-|-|RELEASED_POKEMON||||||
691|SANDSHREW_ALOLA|737|Alolan Sandshrew|731|20||||||||||-|-|RELEASED_POKEMON||||||
692|SANDSLASH_ALOLA|738|Alolan Sandslash|||MISSING|||||||||-|-|RELEASED_POKEMON||||||
693|VULPIX_ALOLA|739|Alolan Vulpix|487|20||||||||||-|-|RELEASED_POKEMON||||||
694|NINETALES_ALOLA|740|Alolan Ninetales|1,316|20||||||||||-|-|RELEASED_POKEMON||||||
695|DIGLETT_ALOLA|741|Alolan Diglett|373|20||||||||||-|-|RELEASED_POKEMON||||||
696|DUGTRIO_ALOLA|742|Alolan Dugtrio|1,571|30||||||||||-|-|RELEASED_POKEMON||||||
697|MEOWTH_ALOLA|743|Alolan Meowth|445|20||||||||||-|-|RELEASED_POKEMON||||||
698|PERSIAN_ALOLA|744|Alolan Persian|1,003|20||||||||||-|-|RELEASED_POKEMON||||||
699|GEODUDE_ALOLA|745|Alolan Geodude|1,139|34||||||||||-|-|RELEASED_POKEMON||||||
700|GRAVELER_ALOLA|746|Alolan Graveler||||||||||||-|-|RELEASED_POKEMON||||||
701|GOLEM_ALOLA|747|Alolan Golem||||||||||||-|-|RELEASED_POKEMON||||||
702|GRIMER_ALOLA|748|Alolan Grimer|1,082|28||||||||||-|-|RELEASED_POKEMON||||||
703|MUK_ALOLA|749|Alolan Muk|1,537|20||||||||||-|-|RELEASED_POKEMON||||||
704|EXEGGUTOR_ALOLA|750|Alolan Exeggutor|2,416|28||||||||||-|-|RELEASED_POKEMON||||||
705|MAROWAK_ALOLA|751|Alolan Marowak|1,473|29||||||||||-|-|RELEASED_POKEMON||||||
705|||||||||||||||-|-|||||||
705|||Galar (Gen 8)|||HEADER|||||||||-|-|||||||
706|MEOWTH_GALARIAN|754|Galarian Meowth|426|15||||||||||-|-|RELEASED_POKEMON||||||
707|PONYTA_GALARIAN|755|Galarian Ponyta|911|20||||||||||-|-|#N/A||||||
707|FARFETCHD_GALARIAN|757|Galarian Farfetch'D|1,119|24||||||||||-|-|RELEASED_POKEMON||||||
708|WEEZING_GALARIAN|758|Galarian Weezing|1,599|25||||||||||-|-|RELEASED_POKEMON||||||
709|ZIGZAGOON_GALARIAN|759|Galarian Zigzagoon|||MISSING|||||||||-|-|RELEASED_POKEMON||||||
710|LINOONE_GALARIAN|760|Galarian Linoone|||MISSING|||||||||-|-|RELEASED_POKEMON||||||
711|DARUMAKA_GALARIAN|761|Galarian Darumaka|||MISSING|||||||||-|-|RELEASED_POKEMON||||||
712|DARMANITAN_GALARIAN_STANDARD|762|Galarian Darmanitan (Standard)|||MISSING|||||||||-|-|RELEASED_POKEMON||||||
713|DARMANITAN_GALARIAN_ZEN|763|Galarian Darmanitan (Zen)|||UNRELEASED|||||||||-|-|????||||||
714|STUNFISK_GALARIAN|765|Galarian Stunfisk|1,172|19||||||||||-|-|RELEASED_POKEMON||||||
715|OBSTAGOON|766|Obstagoon|||MISSING|||||||||-|-|RELEASED_POKEMON||||||
716|PERRSERKER|767|Perrserker|1,484|22||||||||||-|-|RELEASED_POKEMON||||||
717|CURSOLA|768|Cursola|||UNRELEASED|||||||||-|-|????|||#N/A|#N/A||
718|SIRFETCHD|769|Sirfetch’d||||||||||||-|-|RELEASED_POKEMON||||||
719|RUNERIGUS|771|Runerigus|||MISSING|||||||||-|-|#N/A||||||
718|||||||||||||||-|-|||||||
718|||Unknown|||HEADER|||||||||-|-|||||||
719|MELTAN|752|Meltan|426|14||||||||||-|-|RELEASED_POKEMON||||MYTHIC||
720|MELMETAL|753|Melmetal|||MISSING|||||||||-|-|RELEASED_POKEMON||||MYTHIC||
720|||||||||||||||-|-|||||||
720|||||||||||||||-|-|||||||
720|||||||||||||||-|-|||||||
720|||||||||||||||-|-|||||||
720|||||||||||||||-|-|||||||
720|||||||||||||||-|-|||||||
720|||||||||||||||-|-|||||||
720|||||||||||||||-|-|||||||
720|||||||||||||||-|-|||||||
720|||||||||||||||-|-|||||||
720|||||||||||||||-|-|||||||
720|||||||||||||||-|-|||||||
720|||||||||||||||-|-|||||||
720|||||||||||||||-|-|||||||
720|||||||||||||||-|-|||||||
720|||||||||||||||-|-|||||||
720|||||||||||||||-|-|||||||
720|||||||||||||||-|-|||||||
720|||||||||||||||-|-|||||||
720|||||||||||||||-|-|||||||
720|||||||||||||||-|-|||||||
720|||||||||||||||-|-|||||||
720|||||||||||||||-|-|||||||
720|||||||||||||||-|-|||||||
720|||||||||||||||-|-|||||||
720|||||||||||||||-|-|||||||
720|||||||||||||||-|-|||||||
720|||||||||||||||-|-|||||||
720|||||||||||||||-|-|||||||
720|||||||||||||||-|-|||||||
720|||||||||||||||-|-|||||||
720|||||||||||||||-|-|||||||
720|||||||||||||||-|-|||||||
720|||||||||||||||-|-|||||||
720|||||||||||||||-|-|||||||
720|||||||||||||||-|-|||||||
720|||||||||||||||-|-|||||||
720|||||||||||||||-|-|||||||
720|||||||||||||||-|-|||||||
720|||||||||||||||-|-|||||||
720|||||||||||||||-|-|||||||
720|||||||||||||||-|-|||||||
720|||||||||||||||-|-|||||||
720|||||||||||||||-|-|||||||
720|||||||||||||||-|-|||||||
720|||||||||||||||-|-|||||||
720|||||||||||||||-|-|||||||
720|||||||||||||||-|-|||||||
720|||||||||||||||-|-|||||||
720|||||||||||||||-|-|||||||
720|||||||||||||||-|-|||||||
720|||||||||||||||-|-|||||||
720|||||||||||||||-|-|||||||
720|||||||||||||||-|-|||||||
720|||||||||||||||-|-|||||||
720|||||||||||||||-|-|||||||
720|||||||||||||||-|-|||||||
720|||||||||||||||-|-|||||||
720|||||||||||||||-|-|||||||
720|||||||||||||||-|-|||||||
720|||||||||||||||-|-|||||||
720|||||||||||||||-|-|||||||
720|||||||||||||||-|-|||||||
720|||||||||||||||-|-|||||||
720|||||||||||||||-|-|||||||
720|||||||||||||||-|-|||||||
720|||||||||||||||-|-|||||||
720|||||||||||||||-|-|||||||
720|||||||||||||||-|-|||||||
720|||||||||||||||-|-|||||||
720|||||||||||||||-|-|||||||
720|||||||||||||||-|-|||||||
720|||||||||||||||-|-|||||||
720|||||||||||||||-|-|||||||
720|||||||||||||||-|-|||||||
720|||||||||||||||-|-|||||||
720|||||||||||||||-|-|||||||
720|||||||||||||||-|-|||||||
720|||||||||||||||-|-|||||||
720|||||||||||||||-|-|||||||
720|||||||||||||||-|-|||||||
720|||||||||||||||-|-|||||||
720|||||||||||||||-|-|||||||
720|||||||||||||||-|-|||||||
720|||||||||||||||-|-|||||||
720|||||||||||||||-|-|||||||
720|||||||||||||||-|-|||||||
720|||||||||||||||-|-|||||||
720|||||||||||||||-|-|||||||
720|||||||||||||||-|-|||||||
720|||||||||||||||-|-|||||||
720|||||||||||||||-|-|||||||
720|||||||||||||||-|-|||||||
720|||||||||||||||-|-|||||||
720|||||||||||||||-|-|||||||
720|||||||||||||||-|-|||||||
720|||||||||||||||-|-|||||||
720|||||||||||||||-|-|||||||
720|||||||||||||||-|-|||||||
720|||||||||||||||-|-|||||||
720|||||||||||||||-|-|||||||
720|||||||||||||||-|-|||||||
720|||||||||||||||-|-|||||||
720|||||||||||||||-|-|||||||
720|||||||||||||||-|-|||||||
720|||||||||||||||-|-|||||||
720|||||||||||||||-|-|||||||
720|||||||||||||||-|-|||||||
720|||||||||||||||-|-|||||||
720|||||||||||||||-|-|||||||
720|||||||||||||||-|-|||||||
720|||||||||||||||-|-|||||||
720|||||||||||||||-|-|||||||
720|||||||||||||||-|-|||||||
720|||||||||||||||-|-|||||||
720|||||||||||||||-|-|||||||
720|||||||||||||||-|-|||||||
720|||||||||||||||-|-|||||||
720|||||||||||||||-|-|||||||
720|||||||||||||||-|-|||||||
720|||||||||||||||-|-|||||||
720|||||||||||||||-|-|||||||
720|||||||||||||||-|-|||||||
720|||||||||||||||-|-|||||||
720|||||||||||||||-|-|||||||
720|||||||||||||||-|-|||||||
720|||||||||||||||-|-|||||||
720|||||||||||||||-|-|||||||
720|||||||||||||||-|-|||||||
720|||||||||||||||-|-|||||||
720|||||||||||||||-|-|||||||
720|||||||||||||||-|-|||||||
720|||||||||||||||-|-|||||||
720|||||||||||||||-|-|||||||
720|||||||||||||||-|-|||||||
720|||||||||||||||-|-|||||||
720|||||||||||||||-|-|||||||
720|||||||||||||||-|-|||||||
720|||||||||||||||-|-|||||||
720|||||||||||||||-|-|||||||
720|||||||||||||||-|-|||||||
720|||||||||||||||-|-|||||||
720|||||||||||||||-|-|||||||
720|||||||||||||||-|-|||||||
720|||||||||||||||-|-|||||||
720|||||||||||||||-|-|||||||
720|||||||||||||||-|-|||||||
720|||||||||||||||-|-|||||||
720|||||||||||||||-|-|||||||
720|||||||||||||||-|-|||||||
720|||||||||||||||-|-|||||||
720|||||||||||||||-|-|||||||
720|||||||||||||||-|-|||||||
720|||||||||||||||-|-|||||||
720|||||||||||||||-|-|||||||
720|||||||||||||||-|-|||||||
720|||||||||||||||-|-|||||||
720|||||||||||||||-|-|||||||
720|||||||||||||||-|-|||||||
720|||||||||||||||-|-|||||||
720|||||||||||||||-|-|||||||
720|||||||||||||||-|-|||||||
720|||||||||||||||-|-|||||||
720|||||||||||||||-|-|||||||
720|||||||||||||||-|-|||||||
720|||||||||||||||-|-|||||||
720|||||||||||||||-|-|||||||
720|||||||||||||||-|-|||||||
720|||||||||||||||-|-|||||||
720|||||||||||||||-|-|||||||
720|||||||||||||||-|-|||||||
720|||||||||||||||-|-|||||||
720|||||||||||||||-|-|||||||
720|||||||||||||||-|-|||||||
720|||||||||||||||-|-|||||||
720|||||||||||||||-|-|||||||
720|||||||||||||||-|-|||||||
720|||||||||||||||-|-|||||||
720|||||||||||||||-|-|||||||
720|||||||||||||||-|-|||||||
720|||||||||||||||-|-|||||||
720|||||||||||||||-|-|||||||
720|||||||||||||||-|-|||||||
720|||||||||||||||-|-|||||||
720|||||||||||||||-|-|||||||
720|||||||||||||||-|-|||||||
720|||||||||||||||-|-|||||||
720|||||||||||||||-|-|||||||
720|||||||||||||||-|-|||||||
720|||||||||||||||-|-|||||||
720|||||||||||||||-|-|||||||
720|||||||||||||||-|-|||||||
720|||||||||||||||-|-|||||||
720|||||||||||||||-|-|||||||
720|||||||||||||||-|-|||||||
720|||||||||||||||-|-|||||||
720|||||||||||||||-|-|||||||
720|||||||||||||||-|-|||||||
720|||||||||||||||-|-|||||||
720|||||||||||||||-|-|||||||
720|||||||||||||||-|-|||||||
720|||||||||||||||-|-|||||||
720|||||||||||||||-|-|||||||
720|||||||||||||||-|-|||||||
720|||||||||||||||-|-|||||||
720|||||||||||||||-|-|||||||
720|||||||||||||||-|-|||||||
720|||||||||||||||-|-|||||||
720|||||||||||||||-|-|||||||
720|||||||||||||||-|-|||||||
720|||||||||||||||-|-|||||||
720|||||||||||||||-|-|||||||
720|||||||||||||||-|-|||||||
720|||||||||||||||-|-|||||||
720|||||||||||||||-|-|||||||
720|||||||||||||||-|-|||||||
720|||||||||||||||-|-|||||||
720|||||||||||||||-|-|||||||
720|||||||||||||||-|-|||||||
720|||||||||||||||-|-|||||||
720|||||||||||||||-|-|||||||
720|||||||||||||||-|-|||||||
720|||||||||||||||-|-|||||||
720|||||||||||||||-|-|||||||
720|||||||||||||||-|-|||||||
720|||||||||||||||-|-|||||||
720|||||||||||||||-|-|||||||
720|||||||||||||||-|-|||||||
720|||||||||||||||-|-|||||||
720|||||||||||||||-|-|||||||
720|||||||||||||||-|-|||||||
720|||||||||||||||-|-|||||||
720|||||||||||||||-|-|||||||
720|||||||||||||||-|-|||||||
720|||||||||||||||-|-|||||||
720|||||||||||||||-|-|||||||
720|||||||||||||||-|-|||||||
720|||||||||||||||-|-|||||||
720|||||||||||||||-|-|||||||
720|||||||||||||||-|-|||||||
720|||||||||||||||-|-|||||||
720|||||||||||||||-|-|||||||
720|||||||||||||||-|-|||||||
720|||||||||||||||-|-|||||||
720|||||||||||||||-|-|||||||
720|||||||||||||||-|-|||||||
720|||||||||||||||-|-|||||||
720|||||||||||||||-|-|||||||
720|||||||||||||||-|-|||||||
720|||||||||||||||-|-|||||||
720|||||||||||||||-|-|||||||
720|||||||||||||||-|-|||||||
720|||||||||||||||-|-|||||||
720|||||||||||||||-|-|||||||
720|||||||||||||||-|-|||||||
720|||||||||||||||-|-|||||||
720|||||||||||||||-|-|||||||
720|||||||||||||||-|-|||||||
720|||||||||||||||-|-|||||||
720|||||||||||||||-|-|||||||
720|||||||||||||||-|-|||||||
720|||||||||||||||-|-|||||||
720|||||||||||||||-|-|||||||
720|||||||||||||||-|-|||||||
720|||||||||||||||-|-|||||||
720|||||||||||||||-|-|||||||
720|||||||||||||||-|-|||||||
720|||||||||||||||-|-|||||||
720|||||||||||||||-|-|||||||
720|||||||||||||||-|-|||||||
720|||||||||||||||-|-|||||||
720|||||||||||||||-|-|||||||
720|||||||||||||||-|-|||||||
720|||||||||||||||-|-|||||||
720|||||||||||||||-|-|||||||
720|||||||||||||||-|-|||||||
720|||||||||||||||-|-|||||||
720|||||||||||||||-|-|||||||
720|||||||||||||||-|-|||||||
720|||||||||||||||-|-|||||||
720|||||||||||||||-|-|||||||
720|||||||||||||||-|-|||||||
720|||||||||||||||-|-|||||||
720|||||||||||||||-|-|||||||
720|||||||||||||||-|-|||||||
720|||||||||||||||-|-|||||||
720|||||||||||||||-|-|||||||
720|||||||||||||||-|-|||||||
720|||||||||||||||-|-|||||||
720|||||||||||||||-|-|||||||
720|||||||||||||||-|-|||||||
720|||||||||||||||-|-|||||||
720|||||||||||||||-|-|||||||
720|||||||||||||||-|-|||||||
720|||||||||||||||-|-|||||||
720|||||||||||||||-|-|||||||
720|||||||||||||||-|-|||||||
720|||||||||||||||-|-|||||||
720|||||||||||||||-|-|||||||
720|||||||||||||||-|-|||||||
720|||||||||||||||-|-|||||||
720|||||||||||||||-|-|||||||
720|||||||||||||||-|-|||||||
720|||||||||||||||-|-|||||||
720|||||||||||||||-|-|||||||
720|||||||||||||||-|-|||||||
720|||||||||||||||-|-|||||||
720|||||||||||||||-|-|||||||
720|||||||||||||||-|-|||||||
720|||||||||||||||-|-|||||||
720|||||||||||||||-|-|||||||
720|||||||||||||||-|-|||||||
720|||||||||||||||-|-|||||||
720|||||||||||||||-|-|||||||
720|||||||||||||||-|-|||||||
720|||||||||||||||-|-|||||||
720|||||||||||||||-|-|||||||
720|||||||||||||||-|-|||||||
720|||||||||||||||-|-|||||||
720|||||||||||||||-|-|||||||
720|||||||||||||||-|-|||||||
720|||||||||||||||-|-|||||||
720|||||||||||||||-|-|||||||
720|||||||||||||||-|-|||||||
720|||||||||||||||-|-|||||||
720|||||||||||||||-|-|||||||
720|||||||||||||||-|-|||||||
720|||||||||||||||-|-|||||||
720|||||||||||||||-|-|||||||
720|||||||||||||||-|-|||||||
720|||||||||||||||-|-|||||||
720|||||||||||||||-|-|||||||
720|||||||||||||||-|-|||||||
720|||||||||||||||-|-|||||||
720|||||||||||||||-|-|||||||
720|||||||||||||||-|-|||||||
720|||||||||||||||-|-|||||||
720|||||||||||||||-|-|||||||
720|||||||||||||||-|-|||||||
720|||||||||||||||-|-|||||||
720|||||||||||||||-|-|||||||
720|||||||||||||||-|-|||||||
720|||||||||||||||-|-|||||||
720|||||||||||||||-|-|||||||
720|||||||||||||||-|-|||||||
720|||||||||||||||-|-|||||||
720|||||||||||||||-|-|||||||
720|||||||||||||||-|-|||||||
720|||||||||||||||-|-|||||||
720|||||||||||||||-|-|||||||
720|||||||||||||||-|-|||||||
720|||||||||||||||-|-|||||||
720|||||||||||||||-|-|||||||
720|||||||||||||||-|-|||||||
720|||||||||||||||-|-|||||||
720|||||||||||||||-|-|||||||
720|||||||||||||||-|-|||||||
720|||||||||||||||-|-|||||||
720|||||||||||||||-|-|||||||
720|||||||||||||||-|-|||||||
720|||||||||||||||-|-|||||||
720|||||||||||||||-|-|||||||
720|||||||||||||||-|-|||||||
720|||||||||||||||-|-|||||||
720|||||||||||||||-|-|||||||
720|||||||||||||||-|-|||||||
720|||||||||||||||-|-|||||||
720|||||||||||||||-|-|||||||
720|||||||||||||||-|-|||||||
720|||||||||||||||-|-|||||||
720|||||||||||||||-|-|||||||
720|||||||||||||||-|-|||||||
720|||||||||||||||-|-|||||||
720|||||||||||||||-|-|||||||
720|||||||||||||||-|-|||||||
720|||||||||||||||-|-|||||||
720|||||||||||||||-|-|||||||
720|||||||||||||||-|-|||||||
720|||||||||||||||-|-|||||||
720|||||||||||||||-|-|||||||
720|||||||||||||||-|-|||||||
720|||||||||||||||-|-|||||||
720|||||||||||||||-|-|||||||
720|||||||||||||||-|-|||||||
720|||||||||||||||-|-|||||||
720|||||||||||||||-|-|||||||
720|||||||||||||||-|-|||||||
720|||||||||||||||-|-|||||||
720|||||||||||||||-|-|||||||
720|||||||||||||||-|-|||||||
720|||||||||||||||-|-|||||||
720|||||||||||||||-|-|||||||
720|||||||||||||||-|-|||||||
720|||||||||||||||-|-|||||||
720|||||||||||||||-|-|||||||
720|||||||||||||||-|-|||||||
720|||||||||||||||-|-|||||||
720|||||||||||||||-|-|||||||
720|||||||||||||||-|-|||||||
720|||||||||||||||-|-|||||||
720|||||||||||||||-|-|||||||
720|||||||||||||||-|-|||||||
720|||||||||||||||-|-|||||||
720|||||||||||||||-|-|||||||
720|||||||||||||||-|-|||||||
720|||||||||||||||-|-|||||||
720|||||||||||||||-|-|||||||
720|||||||||||||||-|-|||||||
720|||||||||||||||-|-|||||||
720|||||||||||||||-|-|||||||
720|||||||||||||||-|-|||||||
720|||||||||||||||-|-|||||||
720|||||||||||||||-|-|||||||
720|||||||||||||||-|-|||||||
720|||||||||||||||-|-|||||||
720|||||||||||||||-|-|||||||
720|||||||||||||||-|-|||||||
720|||||||||||||||-|-|||||||
720|||||||||||||||-|-|||||||
720|||||||||||||||-|-|||||||
720|||||||||||||||-|-|||||||
720|||||||||||||||-|-|||||||
720|||||||||||||||-|-|||||||
720|||||||||||||||-|-|||||||
720|||||||||||||||-|-|||||||
720|||||||||||||||-|-|||||||
720|||||||||||||||-|-|||||||
720|||||||||||||||-|-|||||||
720|||||||||||||||-|-|||||||
720|||||||||||||||-|-|||||||
720|||||||||||||||-|-|||||||
720|||||||||||||||-|-|||||||
720|||||||||||||||-|-|||||||
720|||||||||||||||-|-|||||||
720|||||||||||||||-|-|||||||
720|||||||||||||||-|-|||||||
720|||||||||||||||-|-|||||||
720|||||||||||||||-|-|||||||
720|||||||||||||||-|-|||||||
720|||||||||||||||-|-|||||||
720|||||||||||||||-|-|||||||
720|||||||||||||||-|-|||||||
720|||||||||||||||-|-|||||||
720|||||||||||||||-|-|||||||
720|||||||||||||||-|-|||||||
720|||||||||||||||-|-|||||||
720|||||||||||||||-|-|||||||
720|||||||||||||||-|-|||||||
720|||||||||||||||-|-|||||||
720|||||||||||||||-|-|||||||
720|||||||||||||||-|-|||||||
720|||||||||||||||-|-|||||||
720|||||||||||||||-|-|||||||
720|||||||||||||||-|-|||||||
720|||||||||||||||-|-|||||||
720|||||||||||||||-|-|||||||
720|||||||||||||||-|-|||||||
720|||||||||||||||-|-|||||||
720|||||||||||||||-|-|||||||
720|||||||||||||||-|-|||||||
720|||||||||||||||-|-|||||||
720|||||||||||||||-|-|||||||
720|||||||||||||||-|-|||||||
720|||||||||||||||-|-|||||||
720|||||||||||||||-|-|||||||
720|||||||||||||||-|-|||||||
720|||||||||||||||-|-|||||||
720|||||||||||||||-|-|||||||
720|||||||||||||||-|-|||||||
720|||||||||||||||-|-|||||||
720|||||||||||||||-|-|||||||
720|||||||||||||||-|-|||||||
720|||||||||||||||-|-|||||||
720|||||||||||||||-|-|||||||
720|||||||||||||||-|-|||||||
720|||||||||||||||-|-|||||||
720|||||||||||||||-|-|||||||
720|||||||||||||||-|-|||||||
720|||||||||||||||-|-|||||||
720|||||||||||||||-|-|||||||
720|||||||||||||||-|-|||||||
720|||||||||||||||-|-|||||||
720|||||||||||||||-|-|||||||
720|||||||||||||||-|-|||||||
720|||||||||||||||-|-|||||||
720|||||||||||||||-|-|||||||
720|||||||||||||||-|-|||||||
720|||||||||||||||-|-|||||||
720|||||||||||||||-|-|||||||
720|||||||||||||||-|-|||||||
720|||||||||||||||-|-|||||||
720|||||||||||||||-|-|||||||
720|||||||||||||||-|-|||||||
720|||||||||||||||-|-|||||||
720|||||||||||||||-|-|||||||
720|||||||||||||||-|-|||||||
720|||||||||||||||-|-|||||||
720|||||||||||||||-|-|||||||
720|||||||||||||||-|-|||||||
720|||||||||||||||-|-|||||||
720|||||||||||||||-|-|||||||
720|||||||||||||||-|-|||||||
720|||||||||||||||-|-|||||||
720|||||||||||||||-|-|||||||
720|||||||||||||||-|-|||||||
720|||||||||||||||-|-|||||||
720|||||||||||||||-|-|||||||
720|||||||||||||||-|-|||||||
720|||||||||||||||-|-|||||||
720|||||||||||||||-|-|||||||
720|||||||||||||||-|-|||||||
720|||||||||||||||-|-|||||||
720|||||||||||||||-|-|||||||
720|||||||||||||||-|-|||||||
720|||||||||||||||-|-|||||||
720|||||||||||||||-|-|||||||
720|||||||||||||||-|-|||||||
720|||||||||||||||-|-|||||||
720|||||||||||||||-|-|||||||
720|||||||||||||||-|-|||||||
720|||||||||||||||-|-|||||||
720|||||||||||||||-|-|||||||
720|||||||||||||||-|-|||||||
720|||||||||||||||-|-|||||||
720|||||||||||||||-|-|||||||
720|||||||||||||||-|-|||||||
720|||||||||||||||-|-|||||||
720|||||||||||||||-|-|||||||
720|||||||||||||||-|-|||||||
720|||||||||||||||-|-|||||||
720|||||||||||||||-|-|||||||
720|||||||||||||||-|-|||||||
720|||||||||||||||-|-|||||||
720|||||||||||||||-|-|||||||
720|||||||||||||||-|-|||||||
720|||||||||||||||-|-|||||||
720|||||||||||||||-|-|||||||
720|||||||||||||||-|-|||||||
720|||||||||||||||-|-|||||||
720|||||||||||||||-|-|||||||
720|||||||||||||||-|-|||||||
720|||||||||||||||-|-|||||||
720|||||||||||||||-|-|||||||
720|||||||||||||||-|-|||||||
720|||||||||||||||-|-|||||||
720|||||||||||||||-|-|||||||
720|||||||||||||||-|-|||||||
720|||||||||||||||-|-|||||||
720|||||||||||||||-|-|||||||
720|||||||||||||||-|-|||||||
720|||||||||||||||-|-|||||||
720|||||||||||||||-|-|||||||
720|||||||||||||||-|-|||||||
720|||||||||||||||-|-|||||||
720|||||||||||||||-|-|||||||
720|||||||||||||||-|-|||||||
720|||||||||||||||-|-|||||||
720|||||||||||||||-|-|||||||
720|||||||||||||||-|-|||||||
720|||||||||||||||-|-|||||||
720|||||||||||||||-|-|||||||
720|||||||||||||||-|-|||||||
720|||||||||||||||-|-|||||||
720|||||||||||||||-|-|||||||
720|||||||||||||||-|-|||||||
720|||||||||||||||-|-|||||||
720|||||||||||||||-|-|||||||
720|||||||||||||||-|-|||||||
720|||||||||||||||-|-|||||||
720|||||||||||||||-|-|||||||
720|||||||||||||||-|-|||||||
720|||||||||||||||-|-|||||||
720|||||||||||||||-|-|||||||
720|||||||||||||||-|-|||||||
720|||||||||||||||-|-|||||||
720|||||||||||||||-|-|||||||
720|||||||||||||||-|-|||||||
720|||||||||||||||-|-|||||||
720|||||||||||||||-|-|||||||
720|||||||||||||||-|-|||||||
720|||||||||||||||-|-|||||||
720|||||||||||||||-|-|||||||
720|||||||||||||||-|-|||||||
720|||||||||||||||-|-|||||||
720|||||||||||||||-|-|||||||
720|||||||||||||||-|-|||||||
720|||||||||||||||-|-|||||||
720|||||||||||||||-|-|||||||
720|||||||||||||||-|-|||||||
720|||||||||||||||-|-|||||||
720|||||||||||||||-|-|||||||
720|||||||||||||||-|-|||||||
720|||||||||||||||-|-|||||||
720|||||||||||||||-|-|||||||
720|||||||||||||||-|-|||||||
720|||||||||||||||-|-|||||||
720|||||||||||||||-|-|||||||
720|||||||||||||||-|-|||||||
720|||||||||||||||-|-|||||||
720|||||||||||||||-|-|||||||
720|||||||||||||||-|-|||||||
720|||||||||||||||-|-|||||||
720|||||||||||||||-|-|||||||
720|||||||||||||||-|-|||||||
720|||||||||||||||-|-|||||||
720|||||||||||||||-|-|||||||
720|||||||||||||||-|-|||||||
720|||||||||||||||-|-|||||||
720|||||||||||||||-|-|||||||
720|||||||||||||||-|-|||||||
720|||||||||||||||-|-|||||||
720|||||||||||||||-|-|||||||
720|||||||||||||||-|-|||||||
720|||||||||||||||-|-|||||||
720|||||||||||||||-|-|||||||
720|||||||||||||||-|-|||||||
720|||||||||||||||-|-|||||||
720|||||||||||||||-|-|||||||
720|||||||||||||||-|-|||||||
720|||||||||||||||-|-|||||||
720|||||||||||||||-|-|||||||
720|||||||||||||||-|-|||||||
720|||||||||||||||-|-|||||||
720|||||||||||||||-|-|||||||
720|||||||||||||||-|-|||||||
720|||||||||||||||-|-|||||||
720|||||||||||||||-|-|||||||
720|||||||||||||||-|-|||||||
720|||||||||||||||-|-|||||||
720|||||||||||||||-|-|||||||
720|||||||||||||||-|-|||||||
720|||||||||||||||-|-|||||||
720|||||||||||||||-|-|||||||
720|||||||||||||||-|-|||||||
720|||||||||||||||-|-|||||||
720|||||||||||||||-|-|||||||
720|||||||||||||||-|-|||||||
720|||||||||||||||-|-|||||||
720|||||||||||||||-|-|||||||
720|||||||||||||||-|-|||||||
720|||||||||||||||-|-|||||||
720|||||||||||||||-|-|||||||
720|||||||||||||||-|-|||||||
720|||||||||||||||-|-|||||||
720|||||||||||||||-|-|||||||
720|||||||||||||||-|-|||||||
720|||||||||||||||-|-|||||||
720|||||||||||||||-|-|||||||
720|||||||||||||||-|-|||||||
720|||||||||||||||-|-|||||||
720|||||||||||||||-|-|||||||
720|||||||||||||||-|-|||||||
720|||||||||||||||-|-|||||||
720|||||||||||||||-|-|||||||
720|||||||||||||||-|-|||||||
720|||||||||||||||-|-|||||||
720|||||||||||||||-|-|||||||
720|||||||||||||||-|-|||||||
720|||||||||||||||-|-|||||||
720|||||||||||||||-|-|||||||
720|||||||||||||||-|-|||||||
720|||||||||||||||-|-|||||||
720|||||||||||||||-|-|||||||
720|||||||||||||||-|-|||||||
720|||||||||||||||-|-|||||||
720|||||||||||||||-|-|||||||
720|||||||||||||||-|-|||||||
720|||||||||||||||-|-|||||||
720|||||||||||||||-|-|||||||
720|||||||||||||||-|-|||||||
720|||||||||||||||-|-|||||||
720|||||||||||||||-|-|||||||
720|||||||||||||||-|-|||||||
720|||||||||||||||-|-|||||||
720|||||||||||||||-|-|||||||
720|||||||||||||||-|-|||||||
720|||||||||||||||-|-|||||||
720|||||||||||||||-|-|||||||
720|||||||||||||||-|-|||||||
720|||||||||||||||-|-|||||||
720|||||||||||||||-|-|||||||
720|||||||||||||||-|-|||||||
720|||||||||||||||-|-|||||||
720|||||||||||||||-|-|||||||
720|||||||||||||||-|-|||||||
720|||||||||||||||-|-|||||||
720|||||||||||||||-|-|||||||
720|||||||||||||||-|-|||||||
720|||||||||||||||-|-|||||||
720|||||||||||||||-|-|||||||
720|||||||||||||||-|-|||||||
720|||||||||||||||-|-|||||||
720|||||||||||||||-|-|||||||
720|||||||||||||||-|-|||||||
720|||||||||||||||-|-|||||||
720|||||||||||||||-|-|||||||
720|||||||||||||||-|-|||||||
720|||||||||||||||-|-|||||||
720|||||||||||||||-|-|||||||
720|||||||||||||||-|-|||||||
720|||||||||||||||-|-|||||||
720|||||||||||||||-|-|||||||
720|||||||||||||||-|-|||||||
720|||||||||||||||-|-|||||||
720|||||||||||||||-|-|||||||
720|||||||||||||||-|-|||||||
720|||||||||||||||-|-|||||||
720|||||||||||||||-|-|||||||
720|||||||||||||||-|-|||||||
720|||||||||||||||-|-|||||||
720|||||||||||||||-|-|||||||
720|||||||||||||||-|-|||||||
720|||||||||||||||-|-|||||||
720|||||||||||||||-|-|||||||
720|||||||||||||||-|-|||||||
720|||||||||||||||-|-|||||||
720|||||||||||||||-|-|||||||
720|||||||||||||||-|-|||||||
720|||||||||||||||-|-|||||||
720|||||||||||||||-|-|||||||
720|||||||||||||||-|-|||||||
720|||||||||||||||-|-|||||||
720|||||||||||||||-|-|||||||
720|||||||||||||||-|-|||||||
720|||||||||||||||-|-|||||||
720|||||||||||||||-|-|||||||
720|||||||||||||||-|-|||||||
720|||||||||||||||-|-|||||||
720|||||||||||||||-|-|||||||
720|||||||||||||||-|-|||||||
720|||||||||||||||-|-|||||||
720|||||||||||||||-|-|||||||
720|||||||||||||||-|-|||||||
720|||||||||||||||-|-|||||||
720|||||||||||||||-|-|||||||
720|||||||||||||||-|-|||||||
720|||||||||||||||-|-|||||||
720|||||||||||||||-|-|||||||
720|||||||||||||||-|-|||||||
720|||||||||||||||-|-|||||||
720|||||||||||||||-|-|||||||
720|||||||||||||||-|-|||||||
720|||||||||||||||-|-|||||||
720|||||||||||||||-|-|||||||
720|||||||||||||||-|-|||||||
720|||||||||||||||-|-|||||||
720|||||||||||||||-|-|||||||
720|||||||||||||||-|-|||||||
720|||||||||||||||-|-|||||||
720|||||||||||||||-|-|||||||
720|||||||||||||||-|-|||||||
720|||||||||||||||-|-|||||||
720|||||||||||||||-|-|||||||
720|||||||||||||||-|-|||||||
720|||||||||||||||-|-|||||||
720|||||||||||||||-|-|||||||
720|||||||||||||||-|-|||||||
720|||||||||||||||-|-|||||||
720|||||||||||||||-|-|||||||
720|||||||||||||||-|-|||||||
720|||||||||||||||-|-|||||||
720|||||||||||||||-|-|||||||
720|||||||||||||||-|-|||||||
720|||||||||||||||-|-|||||||
720|||||||||||||||-|-|||||||
720|||||||||||||||-|-|||||||
720|||||||||||||||-|-|||||||
720|||||||||||||||-|-|||||||
720|||||||||||||||-|-|||||||
720|||||||||||||||-|-|||||||
720|||||||||||||||-|-|||||||
720|||||||||||||||-|-|||||||
720|||||||||||||||-|-|||||||
720|||||||||||||||-|-|||||||
720|||||||||||||||-|-|||||||
720|||||||||||||||-|-|||||||
720|||||||||||||||-|-|||||||
720|||||||||||||||-|-|||||||
720|||||||||||||||-|-|||||||
720|||||||||||||||-|-|||||||
720|||||||||||||||-|-|||||||
720|||||||||||||||-|-|||||||
720|||||||||||||||-|-|||||||
720|||||||||||||||-|-|||||||
720|||||||||||||||-|-|||||||
720|||||||||||||||-|-|||||||
720|||||||||||||||-|-|||||||
720|||||||||||||||-|-|||||||
720|||||||||||||||-|-|||||||
720|||||||||||||||-|-|||||||
720|||||||||||||||-|-|||||||
720|||||||||||||||-|-|||||||
720|||||||||||||||-|-|||||||
720|||||||||||||||-|-|||||||
720|||||||||||||||-|-|||||||
720|||||||||||||||-|-|||||||
720|||||||||||||||-|-|||||||
720|||||||||||||||-|-|||||||
720|||||||||||||||-|-|||||||
720|||||||||||||||-|-|||||||
720|||||||||||||||-|-|||||||
720|||||||||||||||-|-|||||||
720|||||||||||||||-|-|||||||
720|||||||||||||||-|-|||||||
720|||||||||||||||-|-|||||||
720|||||||||||||||-|-|||||||
720|||||||||||||||-|-|||||||
720|||||||||||||||-|-|||||||
720|||||||||||||||-|-|||||||
720|||||||||||||||-|-|||||||
720|||||||||||||||-|-|||||||
720|||||||||||||||-|-|||||||
720|||||||||||||||-|-|||||||
720|||||||||||||||-|-|||||||
720|||||||||||||||-|-|||||||
720|||||||||||||||-|-|||||||
720|||||||||||||||-|-|||||||
720|||||||||||||||-|-|||||||
720|||||||||||||||-|-|||||||
720|||||||||||||||-|-|||||||
720|||||||||||||||-|-|||||||
720|||||||||||||||-|-|||||||
720|||||||||||||||-|-|||||||
720|||||||||||||||-|-|||||||
720|||||||||||||||-|-|||||||
720|||||||||||||||-|-|||||||
720|||||||||||||||-|-|||||||
720|||||||||||||||-|-|||||||
720|||||||||||||||-|-|||||||
720|||||||||||||||-|-|||||||
720|||||||||||||||-|-|||||||
720|||||||||||||||-|-|||||||
720|||||||||||||||-|-|||||||
720|||||||||||||||-|-|||||||
720|||||||||||||||-|-|||||||
720|||||||||||||||-|-|||||||
720|||||||||||||||-|-|||||||
720|||||||||||||||-|-|||||||
720|||||||||||||||-|-|||||||
720|||||||||||||||-|-|||||||
720|||||||||||||||-|-|||||||
720|||||||||||||||-|-|||||||
720|||||||||||||||-|-|||||||
720|||||||||||||||-|-|||||||
720|||||||||||||||-|-|||||||
720|||||||||||||||-|-|||||||
720|||||||||||||||-|-|||||||
720|||||||||||||||-|-|||||||
720|||||||||||||||-|-|||||||
720|||||||||||||||-|-|||||||
720|||||||||||||||-|-|||||||
720|||||||||||||||-|-|||||||
720|||||||||||||||-|-|||||||
720|||||||||||||||-|-|||||||
720|||||||||||||||-|-|||||||
720|||||||||||||||-|-|||||||
720|||||||||||||||-|-|||||||
720|||||||||||||||-|-|||||||
720|||||||||||||||-|-|||||||
720|||||||||||||||-|-|||||||
720|||||||||||||||-|-|||||||
720|||||||||||||||-|-|||||||
720|||||||||||||||-|-|||||||
720|||||||||||||||-|-|||||||
720|||||||||||||||-|-|||||||
720|||||||||||||||-|-|||||||
720|||||||||||||||-|-|||||||
720|||||||||||||||-|-|||||||
720|||||||||||||||-|-|||||||
720|||||||||||||||-|-|||||||
720|||||||||||||||-|-|||||||
720|||||||||||||||-|-|||||||
720|||||||||||||||-|-|||||||
720|||||||||||||||-|-|||||||
720|||||||||||||||-|-|||||||
720|||||||||||||||-|-|||||||
720|||||||||||||||-|-|||||||
720|||||||||||||||-|-|||||||
720|||||||||||||||-|-|||||||
720|||||||||||||||-|-|||||||
720|||||||||||||||-|-|||||||
720|||||||||||||||-|-|||||||
720|||||||||||||||-|-|||||||
720|||||||||||||||-|-|||||||
720|||||||||||||||-|-|||||||
720|||||||||||||||-|-|||||||
720|||||||||||||||-|-|||||||
720|||||||||||||||-|-|||||||
720|||||||||||||||-|-|||||||
720|||||||||||||||-|-|||||||
720|||||||||||||||-|-|||||||
720|||||||||||||||-|-|||||||
720|||||||||||||||-|-|||||||
720|||||||||||||||-|-|||||||
720|||||||||||||||-|-|||||||
720|||||||||||||||-|-|||||||
720|||||||||||||||-|-|||||||
720|||||||||||||||-|-|||||||
720|||||||||||||||-|-|||||||
720|||||||||||||||-|-|||||||
720|||||||||||||||-|-|||||||
720|||||||||||||||-|-|||||||
720|||||||||||||||-|-|||||||
720|||||||||||||||-|-|||||||
720|||||||||||||||-|-|||||||
720|||||||||||||||-|-|||||||
720|||||||||||||||-|-|||||||
720|||||||||||||||-|-|||||||
720|||||||||||||||-|-|||||||
720|||||||||||||||-|-|||||||
720|||||||||||||||-|-|||||||
720|||||||||||||||-|-|||||||
720|||||||||||||||-|-|||||||
720|||||||||||||||-|-|||||||
720|||||||||||||||-|-|||||||
720|||||||||||||||-|-|||||||
720|||||||||||||||-|-|||||||
720|||||||||||||||-|-|||||||
720|||||||||||||||-|-|||||||
720|||||||||||||||-|-|||||||
720|||||||||||||||-|-|||||||
720|||||||||||||||-|-|||||||
720|||||||||||||||-|-|||||||
720|||||||||||||||-|-|||||||
720|||||||||||||||-|-|||||||
720|||||||||||||||-|-|||||||
720|||||||||||||||-|-|||||||
720|||||||||||||||-|-|||||||
720|||||||||||||||-|-|||||||
720|||||||||||||||-|-|||||||
720|||||||||||||||-|-|||||||
720|||||||||||||||-|-|||||||
720|||||||||||||||-|-|||||||
720|||||||||||||||-|-|||||||
720|||||||||||||||-|-|||||||
720|||||||||||||||-|-|||||||
720|||||||||||||||-|-|||||||
720|||||||||||||||-|-|||||||
720|||||||||||||||-|-|||||||
720|||||||||||||||-|-|||||||
720|||||||||||||||-|-|||||||
720|||||||||||||||-|-|||||||
720|||||||||||||||-|-|||||||
720|||||||||||||||-|-|||||||
720|||||||||||||||-|-|||||||
720|||||||||||||||-|-|||||||
720|||||||||||||||-|-|||||||
720|||||||||||||||-|-|||||||
720|||||||||||||||-|-|||||||
720|||||||||||||||-|-|||||||
720|||||||||||||||-|-|||||||
720|||||||||||||||-|-|||||||
720|||||||||||||||-|-|||||||
720|||||||||||||||-|-|||||||
720|||||||||||||||-|-|||||||
720|||||||||||||||-|-|||||||
720|||||||||||||||-|-|||||||
720|||||||||||||||-|-|||||||
720|||||||||||||||-|-|||||||
720|||||||||||||||-|-|||||||
720|||||||||||||||-|-|||||||
720|||||||||||||||-|-|||||||
720|||||||||||||||-|-|||||||
720|||||||||||||||-|-|||||||
720|||||||||||||||-|-|||||||
720|||||||||||||||-|-|||||||
720|||||||||||||||-|-|||||||
720|||||||||||||||-|-|||||||
720|||||||||||||||-|-|||||||
720|||||||||||||||-|-|||||||
720|||||||||||||||-|-|||||||
720|||||||||||||||-|-|||||||
720|||||||||||||||-|-|||||||
720|||||||||||||||-|-|||||||
720|||||||||||||||-|-|||||||
720|||||||||||||||-|-|||||||
720|||||||||||||||-|-|||||||
720|||||||||||||||-|-|||||||
720|||||||||||||||-|-|||||||
720|||||||||||||||-|-|||||||
720|||||||||||||||-|-|||||||
720|||||||||||||||-|-|||||||
720|||||||||||||||-|-|||||||
720|||||||||||||||-|-|||||||
720|||||||||||||||-|-|||||||
720|||||||||||||||-|-|||||||
720|||||||||||||||-|-|||||||
720|||||||||||||||-|-|||||||
720|||||||||||||||-|-|||||||
720|||||||||||||||-|-|||||||
720|||||||||||||||-|-|||||||
720|||||||||||||||-|-|||||||
720|||||||||||||||-|-|||||||
720|||||||||||||||-|-|||||||
720|||||||||||||||-|-|||||||
720|||||||||||||||-|-|||||||
720|||||||||||||||-|-|||||||
720|||||||||||||||-|-|||||||
720|||||||||||||||-|-|||||||
720|||||||||||||||-|-|||||||
720|||||||||||||||-|-|||||||
720|||||||||||||||-|-|||||||
720|||||||||||||||-|-|||||||
720|||||||||||||||-|-|||||||
720|||||||||||||||-|-|||||||
720|||||||||||||||-|-|||||||
720|||||||||||||||-|-|||||||
720|||||||||||||||-|-|||||||
720|||||||||||||||-|-|||||||
720|||||||||||||||-|-|||||||
720|||||||||||||||-|-|||||||
720|||||||||||||||-|-|||||||
720|||||||||||||||-|-|||||||
720|||||||||||||||-|-|||||||
720|||||||||||||||-|-|||||||
720|||||||||||||||-|-|||||||
720|||||||||||||||-|-|||||||
720|||||||||||||||-|-|||||||
720|||||||||||||||-|-|||||||
720|||||||||||||||-|-|||||||
720|||||||||||||||-|-|||||||
720|||||||||||||||-|-|||||||
720|||||||||||||||-|-|||||||
720|||||||||||||||-|-|||||||
720|||||||||||||||-|-|||||||
720|||||||||||||||-|-|||||||
720|||||||||||||||-|-|||||||
720|||||||||||||||-|-|||||||
720|||||||||||||||-|-|||||||
720|||||||||||||||-|-|||||||
720|||||||||||||||-|-|||||||
720|||||||||||||||-|-|||||||
720|||||||||||||||-|-|||||||
720|||||||||||||||-|-|||||||
720|||||||||||||||-|-|||||||
720|||||||||||||||-|-|||||||
720|||||||||||||||-|-|||||||
720|||||||||||||||-|-|||||||
720|||||||||||||||-|-|||||||
720|||||||||||||||-|-|||||||
720|||||||||||||||-|-|||||||
720|||||||||||||||-|-|||||||
720|||||||||||||||-|-|||||||
720|||||||||||||||-|-|||||||
720|||||||||||||||-|-|||||||
720|||||||||||||||-|-|||||||
720|||||||||||||||-|-|||||||
720|||||||||||||||-|-|||||||
720|||||||||||||||-|-|||||||
720|||||||||||||||-|-|||||||
720|||||||||||||||-|-|||||||
720|||||||||||||||-|-|||||||
720|||||||||||||||-|-|||||||
720|||||||||||||||-|-|||||||
720|||||||||||||||-|-|||||||
720|||||||||||||||-|-|||||||
720|||||||||||||||-|-|||||||
720|||||||||||||||-|-|||||||
720|||||||||||||||-|-|||||||
720|||||||||||||||-|-|||||||
720|||||||||||||||-|-|||||||
720|||||||||||||||-|-|||||||
720|||||||||||||||-|-|||||||
720|||||||||||||||-|-|||||||
720|||||||||||||||-|-|||||||
720|||||||||||||||-|-|||||||
720|||||||||||||||-|-|||||||
720|||||||||||||||-|-|||||||
720|||||||||||||||-|-|||||||
720|||||||||||||||-|-|||||||
720|||||||||||||||-|-|||||||
720|||||||||||||||-|-|||||||
720|||||||||||||||-|-|||||||
720|||||||||||||||-|-|||||||
720|||||||||||||||-|-|||||||
720|||||||||||||||-|-|||||||
720|||||||||||||||-|-|||||||
720|||||||||||||||-|-|||||||
720|||||||||||||||-|-|||||||
720|||||||||||||||-|-|||||||
720|||||||||||||||-|-|||||||
720|||||||||||||||-|-|||||||
720|||||||||||||||-|-|||||||
720|||||||||||||||-|-|||||||
720|||||||||||||||-|-|||||||
720|||||||||||||||-|-|||||||
720|||||||||||||||-|-|||||||
720|||||||||||||||-|-|||||||
720|||||||||||||||-|-|||||||
720|||||||||||||||-|-|||||||
720|||||||||||||||-|-|||||||
720|||||||||||||||-|-|||||||
720|||||||||||||||-|-|||||||
720|||||||||||||||-|-|||||||
720|||||||||||||||-|-|||||||
720|||||||||||||||-|-|||||||
720|||||||||||||||-|-|||||||
720|||||||||||||||-|-|||||||
720|||||||||||||||-|-|||||||
720|||||||||||||||-|-|||||||
720|||||||||||||||-|-|||||||
720|||||||||||||||-|-|||||||
720|||||||||||||||-|-|||||||
720|||||||||||||||-|-|||||||
720|||||||||||||||-|-|||||||
720|||||||||||||||-|-|||||||
720|||||||||||||||-|-|||||||
720|||||||||||||||-|-|||||||
720|||||||||||||||-|-|||||||
720|||||||||||||||-|-|||||||
720|||||||||||||||-|-|||||||
720|||||||||||||||-|-|||||||
720|||||||||||||||-|-|||||||
720|||||||||||||||-|-|||||||
720|||||||||||||||-|-|||||||
720|||||||||||||||-|-|||||||
720|||||||||||||||-|-|||||||
720|||||||||||||||-|-|||||||
720|||||||||||||||-|-|||||||
720|||||||||||||||-|-|||||||
720|||||||||||||||-|-|||||||
720|||||||||||||||-|-|||||||
720|||||||||||||||-|-|||||||
720|||||||||||||||-|-|||||||
720|||||||||||||||-|-|||||||
720|||||||||||||||-|-|||||||
720|||||||||||||||-|-|||||||
720|||||||||||||||-|-|||||||
720|||||||||||||||-|-|||||||
720|||||||||||||||-|-|||||||
720|||||||||||||||-|-|||||||
720|||||||||||||||-|-|||||||
720|||||||||||||||-|-|||||||
720|||||||||||||||-|-|||||||
720|||||||||||||||-|-|||||||
720|||||||||||||||-|-|||||||
720|||||||||||||||-|-|||||||
720|||||||||||||||-|-|||||||
720|||||||||||||||-|-|||||||
720|||||||||||||||-|-|||||||
720|||||||||||||||-|-|||||||
720|||||||||||||||-|-|||||||
720|||||||||||||||-|-|||||||
720|||||||||||||||-|-|||||||
720|||||||||||||||-|-|||||||
720|||||||||||||||-|-|||||||
720|||||||||||||||-|-|||||||
720|||||||||||||||-|-|||||||
720|||||||||||||||-|-|||||||
720|||||||||||||||-|-|||||||
720|||||||||||||||-|-|||||||
720|||||||||||||||-|-|||||||
720|||||||||||||||-|-|||||||
720|||||||||||||||-|-|||||||
720|||||||||||||||-|-|||||||
720|||||||||||||||-|-|||||||
720|||||||||||||||-|-|||||||
720|||||||||||||||-|-|||||||
720|||||||||||||||-|-|||||||
720|||||||||||||||-|-|||||||
720|||||||||||||||-|-|||||||
720|||||||||||||||-|-|||||||
720|||||||||||||||-|-|||||||
720|||||||||||||||-|-|||||||
720|||||||||||||||-|-|||||||
720|||||||||||||||-|-|||||||
720|||||||||||||||-|-|||||||
720|||||||||||||||-|-|||||||
720|||||||||||||||-|-|||||||
720|||||||||||||||-|-|||||||
720|||||||||||||||-|-|||||||
720|||||||||||||||-|-|||||||
720|||||||||||||||-|-|||||||
720|||||||||||||||-|-|||||||
720|||||||||||||||-|-|||||||
720|||||||||||||||-|-|||||||
720|||||||||||||||-|-|||||||
720|||||||||||||||-|-|||||||
720|||||||||||||||-|-|||||||
720|||||||||||||||-|-|||||||
720|||||||||||||||-|-|||||||
720|||||||||||||||-|-|||||||
720|||||||||||||||-|-|||||||
720|||||||||||||||-|-|||||||
720|||||||||||||||-|-|||||||
720|||||||||||||||-|-|||||||
720|||||||||||||||-|-|||||||
720|||||||||||||||-|-|||||||
720|||||||||||||||-|-|||||||
720|||||||||||||||-|-|||||||
720|||||||||||||||-|-|||||||
720|||||||||||||||-|-|||||||
720|||||||||||||||-|-|||||||
720|||||||||||||||-|-|||||||
720|||||||||||||||-|-|||||||
720|||||||||||||||-|-|||||||
720|||||||||||||||-|-|||||||
720|||||||||||||||-|-|||||||
720|||||||||||||||-|-|||||||
720|||||||||||||||-|-|||||||
720|||||||||||||||-|-|||||||
720|||||||||||||||-|-|||||||
720|||||||||||||||-|-|||||||
720|||||||||||||||-|-|||||||
720|||||||||||||||-|-|||||||
720|||||||||||||||-|-|||||||
720|||||||||||||||-|-|||||||
720|||||||||||||||-|-|||||||
720|||||||||||||||-|-|||||||
720|||||||||||||||-|-|||||||
720|||||||||||||||-|-|||||||
720|||||||||||||||-|-|||||||
720|||||||||||||||-|-|||||||
720|||||||||||||||-|-|||||||
720|||||||||||||||-|-|||||||
720|||||||||||||||-|-|||||||
720|||||||||||||||-|-|||||||
720|||||||||||||||-|-|||||||
720|||||||||||||||-|-|||||||
720|||||||||||||||-|-|||||||
720|||||||||||||||-|-|||||||
720|||||||||||||||-|-|||||||
720|||||||||||||||-|-|||||||
720|||||||||||||||-|-|||||||
720|||||||||||||||-|-|||||||
720|||||||||||||||-|-|||||||
720|||||||||||||||-|-|||||||
720|||||||||||||||-|-|||||||
720|||||||||||||||-|-|||||||
720|||||||||||||||-|-|||||||
720|||||||||||||||-|-|||||||
720|||||||||||||||-|-|||||||
720|||||||||||||||-|-|||||||
720|||||||||||||||-|-|||||||
720|||||||||||||||-|-|||||||
720|||||||||||||||-|-|||||||
720|||||||||||||||-|-|||||||
720|||||||||||||||-|-|||||||
720|||||||||||||||-|-|||||||
720|||||||||||||||-|-|||||||
720|||||||||||||||-|-|||||||
720|||||||||||||||-|-|||||||
720|||||||||||||||-|-|||||||
720|||||||||||||||-|-|||||||
720|||||||||||||||-|-|||||||
720|||||||||||||||-|-|||||||
720|||||||||||||||-|-|||||||
720|||||||||||||||-|-|||||||
720|||||||||||||||-|-|||||||
720|||||||||||||||-|-|||||||
720|||||||||||||||-|-|||||||
720|||||||||||||||-|-|||||||
720|||||||||||||||-|-|||||||
720|||||||||||||||-|-|||||||
720|||||||||||||||-|-|||||||
720|||||||||||||||-|-|||||||
720|||||||||||||||-|-|||||||
720|||||||||||||||-|-|||||||
